date;DTYPE;Consommation;Thermique;Nucléaire;Eolien;Solaire;Hydraulique;Pompage;Bioénergies;Stockage batterie;Déstockage batterie;Eolien terrestre;Eolien offshore
2024-12-25 00:00:00;CONS;8306.0;106.0;12285.0;192.0;0.0;3528.0;-255.0;103.0;0.0;0.0;0.0;0.0
2024-12-25 00:15:00;CONS;;;;;;;;;;;;
2024-12-25 00:30:00;CONS;8508.0;106.0;12382.0;190.0;0.0;3852.0;-699.0;104.0;0.0;0.0;0.0;0.0
2024-12-25 00:45:00;CONS;;;;;;;;;;;;
2024-12-25 01:00:00;CONS;8033.0;106.0;12292.0;199.0;0.0;3395.0;-902.0;106.0;0.0;0.0;0.0;0.0
2024-12-25 01:15:00;CONS;;;;;;;;;;;;
2024-12-25 01:30:00;CONS;8018.0;105.0;12301.0;189.0;0.0;3087.0;-902.0;104.0;0.0;0.0;0.0;0.0
2024-12-25 01:45:00;CONS;;;;;;;;;;;;
2024-12-25 02:00:00;CONS;8090.0;106.0;12269.0;171.0;0.0;3035.0;-1050.0;106.0;0.0;0.0;0.0;0.0
2024-12-25 02:15:00;CONS;;;;;;;;;;;;
2024-12-25 02:30:00;CONS;8082.0;105.0;12211.0;152.0;0.0;2704.0;-1457.0;106.0;0.0;0.0;0.0;0.0
2024-12-25 02:45:00;CONS;;;;;;;;;;;;
2024-12-25 03:00:00;CONS;7835.0;106.0;12266.0;161.0;0.0;2732.0;-1449.0;106.0;0.0;0.0;0.0;0.0
2024-12-25 03:15:00;CONS;;;;;;;;;;;;
2024-12-25 03:30:00;CONS;7765.0;105.0;12352.0;167.0;0.0;2691.0;-1167.0;107.0;0.0;0.0;0.0;0.0
2024-12-25 03:45:00;CONS;;;;;;;;;;;;
2024-12-25 04:00:00;CONS;7757.0;105.0;12378.0;167.0;0.0;2671.0;-1342.0;106.0;0.0;0.0;0.0;0.0
2024-12-25 04:15:00;CONS;;;;;;;;;;;;
2024-12-25 04:30:00;CONS;7644.0;103.0;12388.0;159.0;0.0;2786.0;-1459.0;107.0;0.0;0.0;0.0;0.0
2024-12-25 04:45:00;CONS;;;;;;;;;;;;
2024-12-25 05:00:00;CONS;7595.0;98.0;12413.0;144.0;0.0;2806.0;-1528.0;108.0;0.0;0.0;0.0;0.0
2024-12-25 05:15:00;CONS;;;;;;;;;;;;
2024-12-25 05:30:00;CONS;7656.0;98.0;12382.0;152.0;0.0;2950.0;-1759.0;109.0;0.0;0.0;0.0;0.0
2024-12-25 05:45:00;CONS;;;;;;;;;;;;
2024-12-25 06:00:00;CONS;7571.0;98.0;12385.0;145.0;0.0;2858.0;-1783.0;107.0;0.0;0.0;0.0;0.0
2024-12-25 06:15:00;CONS;;;;;;;;;;;;
2024-12-25 06:30:00;CONS;7402.0;96.0;12395.0;150.0;0.0;3204.0;-1477.0;109.0;0.0;0.0;0.0;0.0
2024-12-25 06:45:00;CONS;;;;;;;;;;;;
2024-12-25 07:00:00;CONS;7551.0;99.0;12401.0;138.0;0.0;3044.0;-1475.0;108.0;0.0;0.0;0.0;0.0
2024-12-25 07:15:00;CONS;;;;;;;;;;;;
2024-12-25 07:30:00;CONS;7466.0;104.0;12409.0;132.0;0.0;3000.0;-1185.0;107.0;0.0;0.0;0.0;0.0
2024-12-25 07:45:00;CONS;;;;;;;;;;;;
2024-12-25 08:00:00;CONS;7724.0;106.0;12407.0;139.0;0.0;3143.0;-1079.0;107.0;0.0;0.0;0.0;0.0
2024-12-25 08:15:00;CONS;;;;;;;;;;;;
2024-12-25 08:30:00;CONS;7671.0;106.0;12481.0;156.0;3.0;3348.0;-1079.0;107.0;0.0;0.0;0.0;0.0
2024-12-25 08:45:00;CONS;;;;;;;;;;;;
2024-12-25 09:00:00;CONS;8192.0;106.0;12477.0;146.0;48.0;3413.0;-734.0;104.0;0.0;0.0;0.0;0.0
2024-12-25 09:15:00;CONS;;;;;;;;;;;;
2024-12-25 09:30:00;CONS;8278.0;106.0;12443.0;144.0;159.0;3416.0;-789.0;106.0;0.0;0.0;0.0;0.0
2024-12-25 09:45:00;CONS;;;;;;;;;;;;
2024-12-25 10:00:00;CONS;8185.0;106.0;12460.0;133.0;300.0;3590.0;-683.0;107.0;0.0;0.0;0.0;0.0
2024-12-25 10:15:00;CONS;;;;;;;;;;;;
2024-12-25 10:30:00;CONS;8228.0;106.0;12485.0;131.0;477.0;3651.0;-683.0;106.0;0.0;0.0;0.0;0.0
2024-12-25 10:45:00;CONS;;;;;;;;;;;;
2024-12-25 11:00:00;CONS;8374.0;106.0;12475.0;131.0;659.0;3559.0;-682.0;106.0;0.0;0.0;0.0;0.0
2024-12-25 11:15:00;CONS;;;;;;;;;;;;
2024-12-25 11:30:00;CONS;8379.0;106.0;12479.0;129.0;849.0;3602.0;-380.0;106.0;0.0;0.0;0.0;0.0
2024-12-25 11:45:00;CONS;;;;;;;;;;;;
2024-12-25 12:00:00;CONS;8231.0;106.0;12437.0;138.0;967.0;3554.0;-654.0;103.0;0.0;0.0;0.0;0.0
2024-12-25 12:15:00;CONS;;;;;;;;;;;;
2024-12-25 12:30:00;CONS;8327.0;105.0;12476.0;142.0;1064.0;3472.0;-531.0;104.0;0.0;0.0;0.0;0.0
2024-12-25 12:45:00;CONS;;;;;;;;;;;;
2024-12-25 13:00:00;CONS;8248.0;105.0;12492.0;179.0;1095.0;3451.0;-539.0;105.0;0.0;0.0;0.0;0.0
2024-12-25 13:15:00;CONS;;;;;;;;;;;;
2024-12-25 13:30:00;CONS;8105.0;105.0;12487.0;172.0;1051.0;3053.0;-677.0;105.0;0.0;0.0;0.0;0.0
2024-12-25 13:45:00;CONS;;;;;;;;;;;;
2024-12-25 14:00:00;CONS;7677.0;105.0;12494.0;166.0;945.0;3051.0;-438.0;106.0;0.0;0.0;0.0;0.0
2024-12-25 14:15:00;CONS;;;;;;;;;;;;
2024-12-25 14:30:00;CONS;7600.0;105.0;12503.0;158.0;820.0;3232.0;-520.0;106.0;0.0;0.0;0.0;0.0
2024-12-25 14:45:00;CONS;;;;;;;;;;;;
2024-12-25 15:00:00;CONS;7508.0;105.0;12495.0;179.0;630.0;3259.0;-513.0;105.0;0.0;0.0;0.0;0.0
2024-12-25 15:15:00;CONS;;;;;;;;;;;;
2024-12-25 15:30:00;CONS;7258.0;105.0;12512.0;170.0;406.0;3579.0;-31.0;105.0;0.0;0.0;0.0;0.0
2024-12-25 15:45:00;CONS;;;;;;;;;;;;
2024-12-25 16:00:00;CONS;7236.0;105.0;12514.0;164.0;229.0;3464.0;-13.0;103.0;0.0;0.0;0.0;0.0
2024-12-25 16:15:00;CONS;;;;;;;;;;;;
2024-12-25 16:30:00;CONS;7292.0;105.0;12504.0;171.0;97.0;3965.0;-13.0;106.0;0.0;0.0;0.0;0.0
2024-12-25 16:45:00;CONS;;;;;;;;;;;;
2024-12-25 17:00:00;CONS;7095.0;105.0;12518.0;177.0;16.0;4782.0;-13.0;105.0;0.0;0.0;0.0;0.0
2024-12-25 17:15:00;CONS;;;;;;;;;;;;
2024-12-25 17:30:00;CONS;7817.0;105.0;12530.0;181.0;1.0;5047.0;-13.0;106.0;0.0;0.0;0.0;0.0
2024-12-25 17:45:00;CONS;;;;;;;;;;;;
2024-12-25 18:00:00;CONS;8033.0;105.0;12533.0;184.0;0.0;5461.0;-13.0;108.0;0.0;0.0;0.0;0.0
2024-12-25 18:15:00;CONS;;;;;;;;;;;;
2024-12-25 18:30:00;CONS;8035.0;105.0;12425.0;180.0;0.0;5213.0;-13.0;105.0;0.0;0.0;0.0;0.0
2024-12-25 18:45:00;CONS;;;;;;;;;;;;
2024-12-25 19:00:00;CONS;8428.0;105.0;12415.0;167.0;0.0;5449.0;-13.0;106.0;0.0;0.0;0.0;0.0
2024-12-25 19:15:00;CONS;;;;;;;;;;;;
2024-12-25 19:30:00;CONS;8267.0;105.0;12424.0;171.0;0.0;5418.0;-13.0;105.0;0.0;0.0;0.0;0.0
2024-12-25 19:45:00;CONS;;;;;;;;;;;;
2024-12-25 20:00:00;CONS;8287.0;105.0;12394.0;153.0;0.0;5171.0;-13.0;107.0;0.0;0.0;0.0;0.0
2024-12-25 20:15:00;CONS;;;;;;;;;;;;
2024-12-25 20:30:00;CONS;8254.0;105.0;12414.0;146.0;0.0;4978.0;-13.0;106.0;0.0;0.0;0.0;0.0
2024-12-25 20:45:00;CONS;;;;;;;;;;;;
2024-12-25 21:00:00;CONS;8083.0;105.0;12435.0;120.0;0.0;4662.0;-13.0;106.0;0.0;0.0;0.0;0.0
2024-12-25 21:15:00;CONS;;;;;;;;;;;;
2024-12-25 21:30:00;CONS;8066.0;105.0;12437.0;128.0;0.0;4167.0;-13.0;105.0;0.0;0.0;0.0;0.0
2024-12-25 21:45:00;CONS;;;;;;;;;;;;
2024-12-25 22:00:00;CONS;8109.0;105.0;12433.0;143.0;0.0;4235.0;-13.0;104.0;0.0;0.0;0.0;0.0
2024-12-25 22:15:00;CONS;;;;;;;;;;;;
2024-12-25 22:30:00;CONS;8209.0;105.0;12539.0;146.0;0.0;4195.0;-13.0;106.0;0.0;0.0;0.0;0.0
2024-12-25 22:45:00;CONS;;;;;;;;;;;;
2024-12-25 23:00:00;CONS;8452.0;104.0;12476.0;143.0;0.0;4043.0;-13.0;106.0;0.0;0.0;0.0;0.0
2024-12-25 23:15:00;CONS;;;;;;;;;;;;
2024-12-25 23:30:00;CONS;8269.0;103.0;12481.0;143.0;0.0;3678.0;-13.0;104.0;0.0;0.0;0.0;0.0
2024-12-25 23:45:00;CONS;;;;;;;;;;;;
2024-12-26 00:00:00;CONS;7781.0;103.0;12468.0;124.0;0.0;3569.0;-13.0;104.0;0.0;0.0;0.0;0.0
2024-12-26 00:15:00;CONS;;;;;;;;;;;;
2024-12-26 00:30:00;CONS;8084.0;106.0;12526.0;120.0;0.0;3892.0;-13.0;103.0;0.0;0.0;0.0;0.0
2024-12-26 00:45:00;CONS;;;;;;;;;;;;
2024-12-26 01:00:00;CONS;7918.0;106.0;12492.0;107.0;0.0;3527.0;-94.0;104.0;0.0;0.0;0.0;0.0
2024-12-26 01:15:00;CONS;;;;;;;;;;;;
2024-12-26 01:30:00;CONS;7914.0;105.0;12496.0;97.0;0.0;3707.0;-94.0;103.0;0.0;0.0;0.0;0.0
2024-12-26 01:45:00;CONS;;;;;;;;;;;;
2024-12-26 02:00:00;CONS;8057.0;106.0;12508.0;88.0;0.0;3425.0;-94.0;105.0;0.0;0.0;0.0;0.0
2024-12-26 02:15:00;CONS;;;;;;;;;;;;
2024-12-26 02:30:00;CONS;7975.0;106.0;12469.0;94.0;0.0;3409.0;-172.0;105.0;0.0;0.0;0.0;0.0
2024-12-26 02:45:00;CONS;;;;;;;;;;;;
2024-12-26 03:00:00;CONS;7889.0;106.0;12461.0;88.0;0.0;3190.0;-311.0;102.0;0.0;0.0;0.0;0.0
2024-12-26 03:15:00;CONS;;;;;;;;;;;;
2024-12-26 03:30:00;CONS;7817.0;106.0;12461.0;84.0;0.0;3237.0;-311.0;104.0;0.0;0.0;0.0;0.0
2024-12-26 03:45:00;CONS;;;;;;;;;;;;
2024-12-26 04:00:00;CONS;7763.0;106.0;12519.0;88.0;0.0;2954.0;-410.0;105.0;0.0;0.0;0.0;0.0
2024-12-26 04:15:00;CONS;;;;;;;;;;;;
2024-12-26 04:30:00;CONS;7678.0;106.0;12548.0;91.0;0.0;2892.0;-333.0;103.0;0.0;0.0;0.0;0.0
2024-12-26 04:45:00;CONS;;;;;;;;;;;;
2024-12-26 05:00:00;CONS;7683.0;106.0;12547.0;99.0;0.0;3093.0;-332.0;104.0;0.0;0.0;0.0;0.0
2024-12-26 05:15:00;CONS;;;;;;;;;;;;
2024-12-26 05:30:00;CONS;8022.0;105.0;12548.0;102.0;0.0;3363.0;-255.0;107.0;0.0;0.0;0.0;0.0
2024-12-26 05:45:00;CONS;;;;;;;;;;;;
2024-12-26 06:00:00;CONS;7988.0;106.0;12446.0;100.0;0.0;3353.0;-173.0;107.0;0.0;0.0;0.0;0.0
2024-12-26 06:15:00;CONS;;;;;;;;;;;;
2024-12-26 06:30:00;CONS;8189.0;106.0;12388.0;107.0;0.0;3627.0;-174.0;104.0;0.0;0.0;0.0;0.0
2024-12-26 06:45:00;CONS;;;;;;;;;;;;
2024-12-26 07:00:00;CONS;8472.0;106.0;12393.0;100.0;0.0;3253.0;-174.0;102.0;0.0;0.0;0.0;0.0
2024-12-26 07:15:00;CONS;;;;;;;;;;;;
2024-12-26 07:30:00;CONS;8381.0;106.0;12403.0;96.0;0.0;3261.0;-173.0;96.0;0.0;0.0;0.0;0.0
2024-12-26 07:45:00;CONS;;;;;;;;;;;;
2024-12-26 08:00:00;CONS;8639.0;104.0;12394.0;88.0;0.0;3490.0;-174.0;99.0;0.0;0.0;0.0;0.0
2024-12-26 08:15:00;CONS;;;;;;;;;;;;
2024-12-26 08:30:00;CONS;8797.0;104.0;12391.0;88.0;4.0;3590.0;-173.0;99.0;0.0;0.0;0.0;0.0
2024-12-26 08:45:00;CONS;;;;;;;;;;;;
2024-12-26 09:00:00;CONS;8785.0;104.0;12419.0;94.0;59.0;3590.0;-173.0;102.0;0.0;0.0;0.0;0.0
2024-12-26 09:15:00;CONS;;;;;;;;;;;;
2024-12-26 09:30:00;CONS;8959.0;105.0;12500.0;81.0;187.0;3898.0;-173.0;98.0;0.0;0.0;0.0;0.0
2024-12-26 09:45:00;CONS;;;;;;;;;;;;
2024-12-26 10:00:00;CONS;8652.0;105.0;12498.0;69.0;354.0;4370.0;-102.0;99.0;0.0;0.0;0.0;0.0
2024-12-26 10:15:00;CONS;;;;;;;;;;;;
2024-12-26 10:30:00;CONS;9319.0;104.0;12496.0;60.0;537.0;4609.0;-13.0;92.0;0.0;0.0;0.0;0.0
2024-12-26 10:45:00;CONS;;;;;;;;;;;;
2024-12-26 11:00:00;CONS;9174.0;104.0;12502.0;51.0;714.0;4339.0;-13.0;92.0;0.0;0.0;0.0;0.0
2024-12-26 11:15:00;CONS;;;;;;;;;;;;
2024-12-26 11:30:00;CONS;9137.0;104.0;12543.0;41.0;859.0;4170.0;-13.0;92.0;0.0;0.0;0.0;0.0
2024-12-26 11:45:00;CONS;;;;;;;;;;;;
2024-12-26 12:00:00;CONS;9121.0;103.0;12544.0;40.0;957.0;4133.0;-13.0;90.0;0.0;0.0;0.0;0.0
2024-12-26 12:15:00;CONS;;;;;;;;;;;;
2024-12-26 12:30:00;CONS;9189.0;105.0;12543.0;34.0;1028.0;3859.0;-13.0;91.0;0.0;0.0;0.0;0.0
2024-12-26 12:45:00;CONS;;;;;;;;;;;;
2024-12-26 13:00:00;CONS;9050.0;107.0;12539.0;31.0;1090.0;3806.0;-13.0;94.0;0.0;0.0;0.0;0.0
2024-12-26 13:15:00;CONS;;;;;;;;;;;;
2024-12-26 13:30:00;CONS;9010.0;106.0;12538.0;35.0;1043.0;3868.0;-13.0;96.0;0.0;0.0;0.0;0.0
2024-12-26 13:45:00;CONS;;;;;;;;;;;;
2024-12-26 14:00:00;CONS;8869.0;214.0;12532.0;33.0;967.0;3601.0;-13.0;95.0;0.0;0.0;0.0;0.0
2024-12-26 14:15:00;CONS;;;;;;;;;;;;
2024-12-26 14:30:00;CONS;8642.0;236.0;12532.0;33.0;853.0;3652.0;-13.0;97.0;0.0;0.0;0.0;0.0
2024-12-26 14:45:00;CONS;;;;;;;;;;;;
2024-12-26 15:00:00;CONS;8615.0;255.0;12530.0;24.0;686.0;3526.0;-13.0;96.0;0.0;0.0;0.0;0.0
2024-12-26 15:15:00;CONS;;;;;;;;;;;;
2024-12-26 15:30:00;CONS;8601.0;310.0;12527.0;19.0;493.0;3748.0;-13.0;96.0;0.0;0.0;0.0;0.0
2024-12-26 15:45:00;CONS;;;;;;;;;;;;
2024-12-26 16:00:00;CONS;7940.0;370.0;12176.0;18.0;298.0;4602.0;-13.0;96.0;0.0;0.0;0.0;0.0
2024-12-26 16:15:00;CONS;;;;;;;;;;;;
2024-12-26 16:30:00;CONS;8251.0;430.0;12470.0;21.0;126.0;5326.0;-13.0;97.0;0.0;0.0;0.0;0.0
2024-12-26 16:45:00;CONS;;;;;;;;;;;;
2024-12-26 17:00:00;CONS;8267.0;480.0;12488.0;27.0;22.0;5964.0;-13.0;97.0;0.0;0.0;0.0;0.0
2024-12-26 17:15:00;CONS;;;;;;;;;;;;
2024-12-26 17:30:00;CONS;8697.0;522.0;12519.0;26.0;1.0;6476.0;-13.0;100.0;0.0;0.0;0.0;0.0
2024-12-26 17:45:00;CONS;;;;;;;;;;;;
2024-12-26 18:00:00;CONS;9235.0;522.0;12538.0;30.0;0.0;6735.0;-13.0;99.0;0.0;0.0;0.0;0.0
2024-12-26 18:15:00;CONS;;;;;;;;;;;;
2024-12-26 18:30:00;CONS;9335.0;524.0;12541.0;31.0;0.0;6930.0;-13.0;100.0;0.0;0.0;0.0;0.0
2024-12-26 18:45:00;CONS;;;;;;;;;;;;
2024-12-26 19:00:00;CONS;9528.0;523.0;12544.0;37.0;0.0;6943.0;-13.0;99.0;0.0;0.0;0.0;0.0
2024-12-26 19:15:00;CONS;;;;;;;;;;;;
2024-12-26 19:30:00;CONS;9386.0;527.0;12547.0;33.0;0.0;6887.0;-13.0;98.0;0.0;0.0;0.0;0.0
2024-12-26 19:45:00;CONS;;;;;;;;;;;;
2024-12-26 20:00:00;CONS;9393.0;528.0;12545.0;36.0;0.0;6868.0;-13.0;101.0;0.0;0.0;0.0;0.0
2024-12-26 20:15:00;CONS;;;;;;;;;;;;
2024-12-26 20:30:00;CONS;9488.0;528.0;12511.0;33.0;0.0;6955.0;-13.0;101.0;0.0;0.0;0.0;0.0
2024-12-26 20:45:00;CONS;;;;;;;;;;;;
2024-12-26 21:00:00;CONS;9165.0;528.0;12514.0;41.0;0.0;6278.0;-13.0;105.0;0.0;0.0;0.0;0.0
2024-12-26 21:15:00;CONS;;;;;;;;;;;;
2024-12-26 21:30:00;CONS;8722.0;529.0;12527.0;46.0;0.0;6180.0;-13.0;107.0;0.0;0.0;0.0;0.0
2024-12-26 21:45:00;CONS;;;;;;;;;;;;
2024-12-26 22:00:00;CONS;8893.0;528.0;12549.0;50.0;0.0;6027.0;-13.0;111.0;0.0;0.0;0.0;0.0
2024-12-26 22:15:00;CONS;;;;;;;;;;;;
2024-12-26 22:30:00;CONS;8823.0;528.0;12546.0;46.0;0.0;5294.0;-13.0;111.0;0.0;0.0;0.0;0.0
2024-12-26 22:45:00;CONS;;;;;;;;;;;;
2024-12-26 23:00:00;CONS;9039.0;528.0;12547.0;47.0;0.0;5301.0;-13.0;110.0;0.0;0.0;0.0;0.0
2024-12-26 23:15:00;CONS;;;;;;;;;;;;
2024-12-26 23:30:00;CONS;8930.0;526.0;12513.0;62.0;0.0;4967.0;-13.0;111.0;0.0;0.0;0.0;0.0
2024-12-26 23:45:00;CONS;;;;;;;;;;;;
2024-12-27 00:00:00;CONS;8833.0;151.0;12518.0;60.0;0.0;4862.0;-13.0;110.0;0.0;0.0;0.0;0.0
2024-12-27 00:15:00;CONS;;;;;;;;;;;;
2024-12-27 00:30:00;CONS;8574.0;109.0;12449.0;62.0;0.0;4283.0;-13.0;110.0;0.0;0.0;0.0;0.0
2024-12-27 00:45:00;CONS;;;;;;;;;;;;
2024-12-27 01:00:00;CONS;8467.0;109.0;12481.0;63.0;0.0;4003.0;-13.0;107.0;0.0;0.0;0.0;0.0
2024-12-27 01:15:00;CONS;;;;;;;;;;;;
2024-12-27 01:30:00;CONS;8366.0;109.0;12491.0;57.0;0.0;3919.0;-13.0;109.0;0.0;0.0;0.0;0.0
2024-12-27 01:45:00;CONS;;;;;;;;;;;;
2024-12-27 02:00:00;CONS;8303.0;109.0;12475.0;63.0;0.0;3901.0;-13.0;111.0;0.0;0.0;0.0;0.0
2024-12-27 02:15:00;CONS;;;;;;;;;;;;
2024-12-27 02:30:00;CONS;8454.0;109.0;12544.0;68.0;0.0;3880.0;-13.0;111.0;0.0;0.0;0.0;0.0
2024-12-27 02:45:00;CONS;;;;;;;;;;;;
2024-12-27 03:00:00;CONS;8235.0;109.0;12549.0;66.0;0.0;3807.0;-95.0;110.0;0.0;0.0;0.0;0.0
2024-12-27 03:15:00;CONS;;;;;;;;;;;;
2024-12-27 03:30:00;CONS;8306.0;109.0;12552.0;73.0;0.0;3806.0;-94.0;111.0;0.0;0.0;0.0;0.0
2024-12-27 03:45:00;CONS;;;;;;;;;;;;
2024-12-27 04:00:00;CONS;8194.0;109.0;12551.0;74.0;0.0;3729.0;-94.0;109.0;0.0;0.0;0.0;0.0
2024-12-27 04:15:00;CONS;;;;;;;;;;;;
2024-12-27 04:30:00;CONS;8199.0;109.0;12552.0;78.0;0.0;3771.0;-94.0;106.0;0.0;0.0;0.0;0.0
2024-12-27 04:45:00;CONS;;;;;;;;;;;;
2024-12-27 05:00:00;CONS;8249.0;109.0;12556.0;77.0;0.0;3774.0;-94.0;105.0;0.0;0.0;0.0;0.0
2024-12-27 05:15:00;CONS;;;;;;;;;;;;
2024-12-27 05:30:00;CONS;8401.0;109.0;12553.0;76.0;0.0;3764.0;-94.0;106.0;0.0;0.0;0.0;0.0
2024-12-27 05:45:00;CONS;;;;;;;;;;;;
2024-12-27 06:00:00;CONS;8399.0;113.0;12555.0;84.0;0.0;3939.0;-13.0;103.0;0.0;0.0;0.0;0.0
2024-12-27 06:15:00;CONS;;;;;;;;;;;;
2024-12-27 06:30:00;CONS;8652.0;240.0;12553.0;105.0;0.0;4271.0;-13.0;103.0;0.0;0.0;0.0;0.0
2024-12-27 06:45:00;CONS;;;;;;;;;;;;
2024-12-27 07:00:00;CONS;8653.0;412.0;12552.0;112.0;0.0;4389.0;-13.0;105.0;0.0;0.0;0.0;0.0
2024-12-27 07:15:00;CONS;;;;;;;;;;;;
2024-12-27 07:30:00;CONS;8632.0;520.0;12549.0;116.0;0.0;4513.0;-13.0;102.0;0.0;0.0;0.0;0.0
2024-12-27 07:45:00;CONS;;;;;;;;;;;;
2024-12-27 08:00:00;CONS;8733.0;520.0;12548.0;115.0;0.0;5385.0;-13.0;103.0;0.0;0.0;0.0;0.0
2024-12-27 08:15:00;CONS;;;;;;;;;;;;
2024-12-27 08:30:00;CONS;9151.0;517.0;12548.0;112.0;3.0;5970.0;-13.0;100.0;0.0;0.0;0.0;0.0
2024-12-27 08:45:00;CONS;;;;;;;;;;;;
2024-12-27 09:00:00;CONS;9437.0;521.0;12550.0;102.0;61.0;5906.0;-13.0;99.0;0.0;0.0;0.0;0.0
2024-12-27 09:15:00;CONS;;;;;;;;;;;;
2024-12-27 09:30:00;CONS;9516.0;517.0;12550.0;97.0;194.0;6144.0;-13.0;98.0;0.0;0.0;0.0;0.0
2024-12-27 09:45:00;CONS;;;;;;;;;;;;
2024-12-27 10:00:00;CONS;9496.0;520.0;12552.0;91.0;370.0;5657.0;-13.0;96.0;0.0;0.0;0.0;0.0
2024-12-27 10:15:00;CONS;;;;;;;;;;;;
2024-12-27 10:30:00;CONS;9730.0;519.0;12551.0;87.0;558.0;5581.0;-13.0;100.0;0.0;0.0;0.0;0.0
2024-12-27 10:45:00;CONS;;;;;;;;;;;;
2024-12-27 11:00:00;CONS;9557.0;521.0;12549.0;86.0;724.0;4971.0;-13.0;95.0;0.0;0.0;0.0;0.0
2024-12-27 11:15:00;CONS;;;;;;;;;;;;
2024-12-27 11:30:00;CONS;9496.0;520.0;12546.0;78.0;876.0;5353.0;-13.0;92.0;0.0;0.0;0.0;0.0
2024-12-27 11:45:00;CONS;;;;;;;;;;;;
2024-12-27 12:00:00;CONS;9722.0;521.0;12539.0;68.0;991.0;5334.0;-13.0;101.0;0.0;0.0;0.0;0.0
2024-12-27 12:15:00;CONS;;;;;;;;;;;;
2024-12-27 12:30:00;CONS;9600.0;519.0;12537.0;56.0;1084.0;4835.0;-13.0;103.0;0.0;0.0;0.0;0.0
2024-12-27 12:45:00;CONS;;;;;;;;;;;;
2024-12-27 13:00:00;CONS;9647.0;524.0;12536.0;60.0;1116.0;4837.0;-13.0;103.0;0.0;0.0;0.0;0.0
2024-12-27 13:15:00;CONS;;;;;;;;;;;;
2024-12-27 13:30:00;CONS;9350.0;521.0;12537.0;62.0;1107.0;4649.0;-13.0;102.0;0.0;0.0;0.0;0.0
2024-12-27 13:45:00;CONS;;;;;;;;;;;;
2024-12-27 14:00:00;CONS;9192.0;521.0;12545.0;49.0;1029.0;4840.0;-13.0;104.0;0.0;0.0;0.0;0.0
2024-12-27 14:15:00;CONS;;;;;;;;;;;;
2024-12-27 14:30:00;CONS;8918.0;521.0;12544.0;38.0;912.0;4550.0;-13.0;103.0;0.0;0.0;0.0;0.0
2024-12-27 14:45:00;CONS;;;;;;;;;;;;
2024-12-27 15:00:00;CONS;8933.0;522.0;12540.0;25.0;745.0;4888.0;-13.0;102.0;0.0;0.0;0.0;0.0
2024-12-27 15:15:00;CONS;;;;;;;;;;;;
2024-12-27 15:30:00;CONS;8801.0;523.0;12543.0;14.0;543.0;4476.0;-13.0;105.0;0.0;0.0;0.0;0.0
2024-12-27 15:45:00;CONS;;;;;;;;;;;;
2024-12-27 16:00:00;CONS;8451.0;523.0;12538.0;14.0;331.0;4498.0;-12.0;108.0;0.0;0.0;0.0;0.0
2024-12-27 16:15:00;CONS;;;;;;;;;;;;
2024-12-27 16:30:00;CONS;8451.0;523.0;12521.0;14.0;141.0;5543.0;-13.0;108.0;0.0;0.0;0.0;0.0
2024-12-27 16:45:00;CONS;;;;;;;;;;;;
2024-12-27 17:00:00;CONS;8984.0;523.0;12522.0;19.0;25.0;6963.0;-13.0;109.0;0.0;0.0;0.0;0.0
2024-12-27 17:15:00;CONS;;;;;;;;;;;;
2024-12-27 17:30:00;CONS;9042.0;513.0;12521.0;23.0;0.0;7362.0;-13.0;108.0;0.0;0.0;0.0;0.0
2024-12-27 17:45:00;CONS;;;;;;;;;;;;
2024-12-27 18:00:00;CONS;9216.0;513.0;12514.0;22.0;0.0;8033.0;-13.0;113.0;0.0;0.0;0.0;0.0
2024-12-27 18:15:00;CONS;;;;;;;;;;;;
2024-12-27 18:30:00;CONS;9555.0;497.0;12516.0;21.0;0.0;7820.0;-13.0;112.0;0.0;0.0;0.0;0.0
2024-12-27 18:45:00;CONS;;;;;;;;;;;;
2024-12-27 19:00:00;CONS;9915.0;494.0;12542.0;24.0;0.0;7852.0;-13.0;112.0;0.0;0.0;0.0;0.0
2024-12-27 19:15:00;CONS;;;;;;;;;;;;
2024-12-27 19:30:00;CONS;9589.0;517.0;12541.0;25.0;0.0;8093.0;-13.0;111.0;0.0;0.0;0.0;0.0
2024-12-27 19:45:00;CONS;;;;;;;;;;;;
2024-12-27 20:00:00;CONS;9580.0;495.0;12541.0;24.0;0.0;7600.0;-13.0;111.0;0.0;0.0;0.0;0.0
2024-12-27 20:15:00;CONS;;;;;;;;;;;;
2024-12-27 20:30:00;CONS;9515.0;496.0;12544.0;24.0;0.0;7277.0;-13.0;111.0;0.0;0.0;0.0;0.0
2024-12-27 20:45:00;CONS;;;;;;;;;;;;
2024-12-27 21:00:00;CONS;9159.0;498.0;12545.0;23.0;0.0;6779.0;-13.0;110.0;0.0;0.0;0.0;0.0
2024-12-27 21:15:00;CONS;;;;;;;;;;;;
2024-12-27 21:30:00;CONS;9358.0;504.0;12544.0;22.0;0.0;6267.0;-13.0;109.0;0.0;0.0;0.0;0.0
2024-12-27 21:45:00;CONS;;;;;;;;;;;;
2024-12-27 22:00:00;CONS;8908.0;528.0;12547.0;23.0;0.0;5306.0;-13.0;111.0;0.0;0.0;0.0;0.0
2024-12-27 22:15:00;CONS;;;;;;;;;;;;
2024-12-27 22:30:00;CONS;8854.0;527.0;12518.0;23.0;0.0;5380.0;-13.0;112.0;0.0;0.0;0.0;0.0
2024-12-27 22:45:00;CONS;;;;;;;;;;;;
2024-12-27 23:00:00;CONS;9215.0;528.0;12504.0;24.0;0.0;5325.0;-13.0;111.0;0.0;0.0;0.0;0.0
2024-12-27 23:15:00;CONS;;;;;;;;;;;;
2024-12-27 23:30:00;CONS;9072.0;528.0;12536.0;24.0;0.0;4871.0;-13.0;113.0;0.0;0.0;0.0;0.0
2024-12-27 23:45:00;CONS;;;;;;;;;;;;
2024-12-28 00:00:00;CONS;8699.0;527.0;12546.0;29.0;0.0;4698.0;-13.0;112.0;0.0;0.0;0.0;0.0
2024-12-28 00:15:00;CONS;;;;;;;;;;;;
2024-12-28 00:30:00;CONS;8998.0;143.0;12550.0;34.0;0.0;4681.0;-13.0;109.0;0.0;0.0;0.0;0.0
2024-12-28 00:45:00;CONS;;;;;;;;;;;;
2024-12-28 01:00:00;CONS;8397.0;108.0;12549.0;38.0;0.0;3845.0;-13.0;110.0;0.0;0.0;0.0;0.0
2024-12-28 01:15:00;CONS;;;;;;;;;;;;
2024-12-28 01:30:00;CONS;8587.0;108.0;12180.0;39.0;0.0;3965.0;-13.0;110.0;0.0;0.0;0.0;0.0
2024-12-28 01:45:00;CONS;;;;;;;;;;;;
2024-12-28 02:00:00;CONS;8330.0;108.0;12523.0;42.0;0.0;3859.0;-13.0;111.0;0.0;0.0;0.0;0.0
2024-12-28 02:15:00;CONS;;;;;;;;;;;;
2024-12-28 02:30:00;CONS;8589.0;108.0;12544.0;42.0;0.0;3863.0;-13.0;112.0;0.0;0.0;0.0;0.0
2024-12-28 02:45:00;CONS;;;;;;;;;;;;
2024-12-28 03:00:00;CONS;8405.0;108.0;12546.0;42.0;0.0;3466.0;-13.0;112.0;0.0;0.0;0.0;0.0
2024-12-28 03:15:00;CONS;;;;;;;;;;;;
2024-12-28 03:30:00;CONS;8345.0;108.0;12514.0;44.0;0.0;3768.0;-13.0;111.0;0.0;0.0;0.0;0.0
2024-12-28 03:45:00;CONS;;;;;;;;;;;;
2024-12-28 04:00:00;CONS;8351.0;108.0;12511.0;48.0;0.0;3638.0;-13.0;107.0;0.0;0.0;0.0;0.0
2024-12-28 04:15:00;CONS;;;;;;;;;;;;
2024-12-28 04:30:00;CONS;8128.0;108.0;12445.0;44.0;0.0;3436.0;-13.0;107.0;0.0;0.0;0.0;0.0
2024-12-28 04:45:00;CONS;;;;;;;;;;;;
2024-12-28 05:00:00;CONS;8198.0;108.0;12537.0;43.0;0.0;3691.0;-13.0;109.0;0.0;0.0;0.0;0.0
2024-12-28 05:15:00;CONS;;;;;;;;;;;;
2024-12-28 05:30:00;CONS;8259.0;108.0;12540.0;43.0;0.0;3728.0;-13.0;109.0;0.0;0.0;0.0;0.0
2024-12-28 05:45:00;CONS;;;;;;;;;;;;
2024-12-28 06:00:00;CONS;8202.0;106.0;12538.0;50.0;0.0;3785.0;-13.0;109.0;0.0;0.0;0.0;0.0
2024-12-28 06:15:00;CONS;;;;;;;;;;;;
2024-12-28 06:30:00;CONS;8365.0;270.0;12534.0;57.0;0.0;3864.0;-13.0;109.0;0.0;0.0;0.0;0.0
2024-12-28 06:45:00;CONS;;;;;;;;;;;;
2024-12-28 07:00:00;CONS;8427.0;465.0;12538.0;61.0;0.0;3894.0;-13.0;111.0;0.0;0.0;0.0;0.0
2024-12-28 07:15:00;CONS;;;;;;;;;;;;
2024-12-28 07:30:00;CONS;8551.0;522.0;12535.0;62.0;0.0;4390.0;-13.0;111.0;0.0;0.0;0.0;0.0
2024-12-28 07:45:00;CONS;;;;;;;;;;;;
2024-12-28 08:00:00;CONS;8567.0;523.0;12536.0;68.0;0.0;4952.0;-13.0;111.0;0.0;0.0;0.0;0.0
2024-12-28 08:15:00;CONS;;;;;;;;;;;;
2024-12-28 08:30:00;CONS;8695.0;524.0;12537.0;72.0;3.0;5126.0;-13.0;110.0;0.0;0.0;0.0;0.0
2024-12-28 08:45:00;CONS;;;;;;;;;;;;
2024-12-28 09:00:00;CONS;8896.0;526.0;12496.0;76.0;69.0;6089.0;-13.0;111.0;0.0;0.0;0.0;0.0
2024-12-28 09:15:00;CONS;;;;;;;;;;;;
2024-12-28 09:30:00;CONS;9525.0;527.0;12491.0;68.0;217.0;5975.0;-13.0;111.0;0.0;0.0;0.0;0.0
2024-12-28 09:45:00;CONS;;;;;;;;;;;;
2024-12-28 10:00:00;CONS;9417.0;527.0;12490.0;65.0;420.0;5243.0;-13.0;110.0;0.0;0.0;0.0;0.0
2024-12-28 10:15:00;CONS;;;;;;;;;;;;
2024-12-28 10:30:00;CONS;9380.0;525.0;12529.0;63.0;626.0;4712.0;-13.0;109.0;0.0;0.0;0.0;0.0
2024-12-28 10:45:00;CONS;;;;;;;;;;;;
2024-12-28 11:00:00;CONS;9334.0;526.0;12530.0;57.0;809.0;4271.0;-13.0;106.0;0.0;0.0;0.0;0.0
2024-12-28 11:15:00;CONS;;;;;;;;;;;;
2024-12-28 11:30:00;CONS;9589.0;525.0;12509.0;51.0;977.0;3978.0;-13.0;110.0;0.0;0.0;0.0;0.0
2024-12-28 11:45:00;CONS;;;;;;;;;;;;
2024-12-28 12:00:00;CONS;8880.0;496.0;12509.0;45.0;1044.0;3819.0;-13.0;111.0;0.0;0.0;0.0;0.0
2024-12-28 12:15:00;CONS;;;;;;;;;;;;
2024-12-28 12:30:00;CONS;9229.0;493.0;12506.0;39.0;1127.0;3983.0;-13.0;111.0;0.0;0.0;0.0;0.0
2024-12-28 12:45:00;CONS;;;;;;;;;;;;
2024-12-28 13:00:00;CONS;9369.0;491.0;12503.0;33.0;1248.0;3877.0;-13.0;109.0;0.0;0.0;0.0;0.0
2024-12-28 13:15:00;CONS;;;;;;;;;;;;
2024-12-28 13:30:00;CONS;9192.0;490.0;12527.0;32.0;1231.0;3674.0;-13.0;109.0;0.0;0.0;0.0;0.0
2024-12-28 13:45:00;CONS;;;;;;;;;;;;
2024-12-28 14:00:00;CONS;9021.0;490.0;12510.0;31.0;1103.0;3822.0;-13.0;110.0;0.0;0.0;0.0;0.0
2024-12-28 14:15:00;CONS;;;;;;;;;;;;
2024-12-28 14:30:00;CONS;8652.0;490.0;12483.0;33.0;960.0;4382.0;-13.0;111.0;0.0;0.0;0.0;0.0
2024-12-28 14:45:00;CONS;;;;;;;;;;;;
2024-12-28 15:00:00;CONS;8382.0;487.0;12397.0;34.0;769.0;4454.0;-13.0;111.0;0.0;0.0;0.0;0.0
2024-12-28 15:15:00;CONS;;;;;;;;;;;;
2024-12-28 15:30:00;CONS;8372.0;476.0;12457.0;38.0;561.0;4265.0;-13.0;111.0;0.0;0.0;0.0;0.0
2024-12-28 15:45:00;CONS;;;;;;;;;;;;
2024-12-28 16:00:00;CONS;8019.0;487.0;12477.0;44.0;338.0;4455.0;-13.0;111.0;0.0;0.0;0.0;0.0
2024-12-28 16:15:00;CONS;;;;;;;;;;;;
2024-12-28 16:30:00;CONS;8276.0;491.0;12483.0;54.0;144.0;5434.0;-13.0;112.0;0.0;0.0;0.0;0.0
2024-12-28 16:45:00;CONS;;;;;;;;;;;;
2024-12-28 17:00:00;CONS;8090.0;491.0;12481.0;65.0;25.0;5998.0;-13.0;112.0;0.0;0.0;0.0;0.0
2024-12-28 17:15:00;CONS;;;;;;;;;;;;
2024-12-28 17:30:00;CONS;8698.0;494.0;12521.0;73.0;0.0;6352.0;-13.0;111.0;0.0;0.0;0.0;0.0
2024-12-28 17:45:00;CONS;;;;;;;;;;;;
2024-12-28 18:00:00;CONS;8930.0;512.0;12524.0;75.0;0.0;6946.0;-13.0;112.0;0.0;0.0;0.0;0.0
2024-12-28 18:15:00;CONS;;;;;;;;;;;;
2024-12-28 18:30:00;CONS;9118.0;495.0;12524.0;84.0;0.0;6366.0;-13.0;109.0;0.0;0.0;0.0;0.0
2024-12-28 18:45:00;CONS;;;;;;;;;;;;
2024-12-28 19:00:00;CONS;9190.0;495.0;12524.0;100.0;0.0;6527.0;-13.0;113.0;0.0;0.0;0.0;0.0
2024-12-28 19:15:00;CONS;;;;;;;;;;;;
2024-12-28 19:30:00;CONS;9447.0;506.0;12525.0;113.0;0.0;6952.0;-13.0;114.0;0.0;0.0;0.0;0.0
2024-12-28 19:45:00;CONS;;;;;;;;;;;;
2024-12-28 20:00:00;CONS;9085.0;492.0;12526.0;119.0;0.0;6433.0;-13.0;116.0;0.0;0.0;0.0;0.0
2024-12-28 20:15:00;CONS;;;;;;;;;;;;
2024-12-28 20:30:00;CONS;9017.0;491.0;12526.0;115.0;0.0;6508.0;-13.0;112.0;0.0;0.0;0.0;0.0
2024-12-28 20:45:00;CONS;;;;;;;;;;;;
2024-12-28 21:00:00;CONS;8936.0;493.0;12528.0;116.0;0.0;5622.0;-13.0;114.0;0.0;0.0;0.0;0.0
2024-12-28 21:15:00;CONS;;;;;;;;;;;;
2024-12-28 21:30:00;CONS;8898.0;493.0;12528.0;123.0;0.0;5149.0;-13.0;114.0;0.0;0.0;0.0;0.0
2024-12-28 21:45:00;CONS;;;;;;;;;;;;
2024-12-28 22:00:00;CONS;8699.0;491.0;12530.0;116.0;0.0;4256.0;-13.0;114.0;0.0;0.0;0.0;0.0
2024-12-28 22:15:00;CONS;;;;;;;;;;;;
2024-12-28 22:30:00;CONS;8660.0;493.0;12531.0;107.0;0.0;4029.0;-13.0;114.0;0.0;0.0;0.0;0.0
2024-12-28 22:45:00;CONS;;;;;;;;;;;;
2024-12-28 23:00:00;CONS;9249.0;494.0;12534.0;106.0;0.0;4317.0;-13.0;112.0;0.0;0.0;0.0;0.0
2024-12-28 23:15:00;CONS;;;;;;;;;;;;
2024-12-28 23:30:00;CONS;9022.0;494.0;12534.0;100.0;0.0;3848.0;-13.0;113.0;0.0;0.0;0.0;0.0
2024-12-28 23:45:00;CONS;;;;;;;;;;;;
2024-12-29 00:00:00;CONS;8320.0;493.0;12532.0;94.0;0.0;3643.0;-13.0;111.0;0.0;0.0;0.0;0.0
2024-12-29 00:15:00;CONS;;;;;;;;;;;;
2024-12-29 00:30:00;CONS;8881.0;495.0;12470.0;89.0;0.0;4355.0;-13.0;112.0;0.0;0.0;0.0;0.0
2024-12-29 00:45:00;CONS;;;;;;;;;;;;
2024-12-29 01:00:00;CONS;8448.0;152.0;12377.0;92.0;0.0;3768.0;-13.0;112.0;0.0;0.0;0.0;0.0
2024-12-29 01:15:00;CONS;;;;;;;;;;;;
2024-12-29 01:30:00;CONS;8416.0;106.0;12349.0;91.0;0.0;3658.0;-13.0;109.0;0.0;0.0;0.0;0.0
2024-12-29 01:45:00;CONS;;;;;;;;;;;;
2024-12-29 02:00:00;CONS;8327.0;106.0;12259.0;83.0;0.0;3652.0;-13.0;110.0;0.0;0.0;0.0;0.0
2024-12-29 02:15:00;CONS;;;;;;;;;;;;
2024-12-29 02:30:00;CONS;8425.0;106.0;12370.0;82.0;0.0;3483.0;-13.0;112.0;0.0;0.0;0.0;0.0
2024-12-29 02:45:00;CONS;;;;;;;;;;;;
2024-12-29 03:00:00;CONS;8354.0;106.0;12241.0;83.0;0.0;3416.0;-13.0;111.0;0.0;0.0;0.0;0.0
2024-12-29 03:15:00;CONS;;;;;;;;;;;;
2024-12-29 03:30:00;CONS;8359.0;106.0;12257.0;87.0;0.0;3323.0;-13.0;113.0;0.0;0.0;0.0;0.0
2024-12-29 03:45:00;CONS;;;;;;;;;;;;
2024-12-29 04:00:00;CONS;8174.0;106.0;12265.0;91.0;0.0;3106.0;-13.0;110.0;0.0;0.0;0.0;0.0
2024-12-29 04:15:00;CONS;;;;;;;;;;;;
2024-12-29 04:30:00;CONS;8181.0;106.0;12305.0;101.0;0.0;3147.0;-13.0;109.0;0.0;0.0;0.0;0.0
2024-12-29 04:45:00;CONS;;;;;;;;;;;;
2024-12-29 05:00:00;CONS;8161.0;106.0;12267.0;114.0;0.0;3121.0;-177.0;109.0;0.0;0.0;0.0;0.0
2024-12-29 05:15:00;CONS;;;;;;;;;;;;
2024-12-29 05:30:00;CONS;8186.0;106.0;12282.0;118.0;0.0;2974.0;-295.0;110.0;0.0;0.0;0.0;0.0
2024-12-29 05:45:00;CONS;;;;;;;;;;;;
2024-12-29 06:00:00;CONS;8206.0;106.0;12282.0;119.0;0.0;2966.0;-296.0;109.0;0.0;0.0;0.0;0.0
2024-12-29 06:15:00;CONS;;;;;;;;;;;;
2024-12-29 06:30:00;CONS;8198.0;106.0;12280.0;121.0;0.0;3125.0;-153.0;108.0;0.0;0.0;0.0;0.0
2024-12-29 06:45:00;CONS;;;;;;;;;;;;
2024-12-29 07:00:00;CONS;8078.0;106.0;12304.0;114.0;0.0;3155.0;-151.0;109.0;0.0;0.0;0.0;0.0
2024-12-29 07:15:00;CONS;;;;;;;;;;;;
2024-12-29 07:30:00;CONS;8222.0;106.0;12419.0;102.0;0.0;3305.0;-148.0;110.0;0.0;0.0;0.0;0.0
2024-12-29 07:45:00;CONS;;;;;;;;;;;;
2024-12-29 08:00:00;CONS;8327.0;106.0;12413.0;100.0;0.0;3637.0;-73.0;110.0;0.0;0.0;0.0;0.0
2024-12-29 08:15:00;CONS;;;;;;;;;;;;
2024-12-29 08:30:00;CONS;8380.0;107.0;12435.0;102.0;3.0;3860.0;-13.0;105.0;0.0;0.0;0.0;0.0
2024-12-29 08:45:00;CONS;;;;;;;;;;;;
2024-12-29 09:00:00;CONS;8600.0;107.0;12446.0;102.0;58.0;3772.0;-13.0;105.0;0.0;0.0;0.0;0.0
2024-12-29 09:15:00;CONS;;;;;;;;;;;;
2024-12-29 09:30:00;CONS;8881.0;107.0;12437.0;99.0;186.0;4335.0;-13.0;105.0;0.0;0.0;0.0;0.0
2024-12-29 09:45:00;CONS;;;;;;;;;;;;
2024-12-29 10:00:00;CONS;8857.0;106.0;12412.0;87.0;372.0;4303.0;-13.0;108.0;0.0;0.0;0.0;0.0
2024-12-29 10:15:00;CONS;;;;;;;;;;;;
2024-12-29 10:30:00;CONS;9052.0;106.0;12380.0;82.0;578.0;4389.0;-13.0;110.0;0.0;0.0;0.0;0.0
2024-12-29 10:45:00;CONS;;;;;;;;;;;;
2024-12-29 11:00:00;CONS;9124.0;106.0;12401.0;68.0;748.0;3986.0;-13.0;109.0;0.0;0.0;0.0;0.0
2024-12-29 11:15:00;CONS;;;;;;;;;;;;
2024-12-29 11:30:00;CONS;9214.0;106.0;12442.0;60.0;889.0;4020.0;-13.0;109.0;0.0;0.0;0.0;0.0
2024-12-29 11:45:00;CONS;;;;;;;;;;;;
2024-12-29 12:00:00;CONS;9153.0;106.0;12459.0;54.0;1024.0;4148.0;-13.0;110.0;0.0;0.0;0.0;0.0
2024-12-29 12:15:00;CONS;;;;;;;;;;;;
2024-12-29 12:30:00;CONS;9303.0;106.0;12439.0;51.0;1065.0;4715.0;-13.0;107.0;0.0;0.0;0.0;0.0
2024-12-29 12:45:00;CONS;;;;;;;;;;;;
2024-12-29 13:00:00;CONS;9234.0;106.0;12429.0;49.0;1093.0;4910.0;-13.0;110.0;0.0;0.0;0.0;0.0
2024-12-29 13:15:00;CONS;;;;;;;;;;;;
2024-12-29 13:30:00;CONS;9226.0;104.0;12416.0;48.0;1055.0;4506.0;-13.0;108.0;0.0;0.0;0.0;0.0
2024-12-29 13:45:00;CONS;;;;;;;;;;;;
2024-12-29 14:00:00;CONS;8872.0;101.0;12333.0;47.0;958.0;4286.0;-13.0;112.0;0.0;0.0;0.0;0.0
2024-12-29 14:15:00;CONS;;;;;;;;;;;;
2024-12-29 14:30:00;CONS;8748.0;100.0;12447.0;48.0;815.0;3894.0;-13.0;110.0;0.0;0.0;0.0;0.0
2024-12-29 14:45:00;CONS;;;;;;;;;;;;
2024-12-29 15:00:00;CONS;8650.0;108.0;12469.0;52.0;643.0;3929.0;-13.0;110.0;0.0;0.0;0.0;0.0
2024-12-29 15:15:00;CONS;;;;;;;;;;;;
2024-12-29 15:30:00;CONS;8554.0;231.0;12486.0;57.0;434.0;3938.0;-13.0;107.0;0.0;0.0;0.0;0.0
2024-12-29 15:45:00;CONS;;;;;;;;;;;;
2024-12-29 16:00:00;CONS;8455.0;279.0;12483.0;62.0;250.0;4391.0;-13.0;105.0;0.0;0.0;0.0;0.0
2024-12-29 16:15:00;CONS;;;;;;;;;;;;
2024-12-29 16:30:00;CONS;8342.0;460.0;12483.0;70.0;106.0;5004.0;-13.0;107.0;0.0;0.0;0.0;0.0
2024-12-29 16:45:00;CONS;;;;;;;;;;;;
2024-12-29 17:00:00;CONS;8019.0;516.0;12486.0;83.0;20.0;5358.0;-13.0;107.0;0.0;0.0;0.0;0.0
2024-12-29 17:15:00;CONS;;;;;;;;;;;;
2024-12-29 17:30:00;CONS;8672.0;515.0;12487.0;94.0;0.0;5335.0;-13.0;108.0;0.0;0.0;0.0;0.0
2024-12-29 17:45:00;CONS;;;;;;;;;;;;
2024-12-29 18:00:00;CONS;8660.0;516.0;12487.0;104.0;0.0;5838.0;-13.0;107.0;0.0;0.0;0.0;0.0
2024-12-29 18:15:00;CONS;;;;;;;;;;;;
2024-12-29 18:30:00;CONS;9182.0;494.0;12488.0;105.0;0.0;6011.0;-13.0;107.0;0.0;0.0;0.0;0.0
2024-12-29 18:45:00;CONS;;;;;;;;;;;;
2024-12-29 19:00:00;CONS;9423.0;493.0;12487.0;104.0;0.0;6159.0;-13.0;106.0;0.0;0.0;0.0;0.0
2024-12-29 19:15:00;CONS;;;;;;;;;;;;
2024-12-29 19:30:00;CONS;9432.0;495.0;12489.0;103.0;0.0;6453.0;-13.0;107.0;0.0;0.0;0.0;0.0
2024-12-29 19:45:00;CONS;;;;;;;;;;;;
2024-12-29 20:00:00;CONS;9542.0;494.0;12492.0;96.0;0.0;6195.0;-13.0;107.0;0.0;0.0;0.0;0.0
2024-12-29 20:15:00;CONS;;;;;;;;;;;;
2024-12-29 20:30:00;CONS;9461.0;494.0;12496.0;88.0;0.0;5596.0;-13.0;106.0;0.0;0.0;0.0;0.0
2024-12-29 20:45:00;CONS;;;;;;;;;;;;
2024-12-29 21:00:00;CONS;9124.0;494.0;12500.0;81.0;0.0;5045.0;-13.0;106.0;0.0;0.0;0.0;0.0
2024-12-29 21:15:00;CONS;;;;;;;;;;;;
2024-12-29 21:30:00;CONS;9041.0;521.0;12503.0;79.0;0.0;4247.0;-13.0;103.0;0.0;0.0;0.0;0.0
2024-12-29 21:45:00;CONS;;;;;;;;;;;;
2024-12-29 22:00:00;CONS;8651.0;521.0;12505.0;75.0;0.0;3848.0;-13.0;105.0;0.0;0.0;0.0;0.0
2024-12-29 22:15:00;CONS;;;;;;;;;;;;
2024-12-29 22:30:00;CONS;9051.0;508.0;12506.0;71.0;0.0;3625.0;-13.0;104.0;0.0;0.0;0.0;0.0
2024-12-29 22:45:00;CONS;;;;;;;;;;;;
2024-12-29 23:00:00;CONS;9393.0;496.0;12507.0;67.0;0.0;3704.0;-13.0;105.0;0.0;0.0;0.0;0.0
2024-12-29 23:15:00;CONS;;;;;;;;;;;;
2024-12-29 23:30:00;CONS;9140.0;476.0;12506.0;61.0;0.0;3245.0;-92.0;107.0;0.0;0.0;0.0;0.0
2024-12-29 23:45:00;CONS;;;;;;;;;;;;
2024-12-30 00:00:00;CONS;9328.0;143.0;12507.0;61.0;0.0;3307.0;-583.0;103.0;0.0;0.0;0.0;0.0
2024-12-30 00:15:00;CONS;;;;;;;;;;;;
2024-12-30 00:30:00;CONS;8731.0;104.0;12504.0;64.0;0.0;3249.0;-760.0;111.0;0.0;0.0;0.0;0.0
2024-12-30 00:45:00;CONS;;;;;;;;;;;;
2024-12-30 01:00:00;CONS;8734.0;104.0;12340.0;63.0;0.0;2944.0;-1011.0;109.0;0.0;0.0;0.0;0.0
2024-12-30 01:15:00;CONS;;;;;;;;;;;;
2024-12-30 01:30:00;CONS;8674.0;104.0;12330.0;57.0;0.0;3178.0;-802.0;108.0;0.0;0.0;0.0;0.0
2024-12-30 01:45:00;CONS;;;;;;;;;;;;
2024-12-30 02:00:00;CONS;8506.0;104.0;12331.0;51.0;0.0;2948.0;-805.0;108.0;0.0;0.0;0.0;0.0
2024-12-30 02:15:00;CONS;;;;;;;;;;;;
2024-12-30 02:30:00;CONS;8636.0;104.0;12276.0;46.0;0.0;2637.0;-1001.0;108.0;0.0;0.0;0.0;0.0
2024-12-30 02:45:00;CONS;;;;;;;;;;;;
2024-12-30 03:00:00;CONS;8621.0;104.0;12185.0;50.0;0.0;2439.0;-1139.0;109.0;0.0;0.0;0.0;0.0
2024-12-30 03:15:00;CONS;;;;;;;;;;;;
2024-12-30 03:30:00;CONS;8432.0;104.0;12258.0;50.0;0.0;2402.0;-1436.0;106.0;0.0;0.0;0.0;0.0
2024-12-30 03:45:00;CONS;;;;;;;;;;;;
2024-12-30 04:00:00;CONS;8452.0;99.0;12224.0;43.0;0.0;2402.0;-1479.0;107.0;0.0;0.0;0.0;0.0
2024-12-30 04:15:00;CONS;;;;;;;;;;;;
2024-12-30 04:30:00;CONS;8284.0;98.0;12287.0;41.0;0.0;2328.0;-1574.0;106.0;0.0;0.0;0.0;0.0
2024-12-30 04:45:00;CONS;;;;;;;;;;;;
2024-12-30 05:00:00;CONS;8336.0;94.0;12279.0;35.0;0.0;2357.0;-1478.0;108.0;0.0;0.0;0.0;0.0
2024-12-30 05:15:00;CONS;;;;;;;;;;;;
2024-12-30 05:30:00;CONS;8557.0;94.0;12143.0;32.0;0.0;2398.0;-1218.0;108.0;0.0;0.0;0.0;0.0
2024-12-30 05:45:00;CONS;;;;;;;;;;;;
2024-12-30 06:00:00;CONS;8481.0;94.0;12305.0;29.0;0.0;2513.0;-855.0;106.0;0.0;0.0;0.0;0.0
2024-12-30 06:15:00;CONS;;;;;;;;;;;;
2024-12-30 06:30:00;CONS;8771.0;95.0;12318.0;29.0;0.0;2961.0;-852.0;104.0;0.0;0.0;0.0;0.0
2024-12-30 06:45:00;CONS;;;;;;;;;;;;
2024-12-30 07:00:00;CONS;8721.0;94.0;12440.0;26.0;0.0;3339.0;-667.0;104.0;0.0;0.0;0.0;0.0
2024-12-30 07:15:00;CONS;;;;;;;;;;;;
2024-12-30 07:30:00;CONS;8953.0;94.0;12342.0;24.0;0.0;3511.0;-297.0;107.0;0.0;0.0;0.0;0.0
2024-12-30 07:45:00;CONS;;;;;;;;;;;;
2024-12-30 08:00:00;CONS;9045.0;94.0;12385.0;23.0;0.0;3986.0;-300.0;107.0;0.0;0.0;0.0;0.0
2024-12-30 08:15:00;CONS;;;;;;;;;;;;
2024-12-30 08:30:00;CONS;9444.0;94.0;12344.0;25.0;2.0;4400.0;-228.0;107.0;0.0;0.0;0.0;0.0
2024-12-30 08:45:00;CONS;;;;;;;;;;;;
2024-12-30 09:00:00;CONS;9518.0;94.0;12308.0;21.0;39.0;4347.0;-94.0;106.0;0.0;0.0;0.0;0.0
2024-12-30 09:15:00;CONS;;;;;;;;;;;;
2024-12-30 09:30:00;CONS;9770.0;96.0;12336.0;19.0;131.0;4995.0;-91.0;102.0;0.0;0.0;0.0;0.0
2024-12-30 09:45:00;CONS;;;;;;;;;;;;
2024-12-30 10:00:00;CONS;9825.0;94.0;12463.0;17.0;246.0;4971.0;-91.0;103.0;0.0;0.0;0.0;0.0
2024-12-30 10:15:00;CONS;;;;;;;;;;;;
2024-12-30 10:30:00;CONS;9915.0;94.0;12476.0;15.0;366.0;4700.0;-13.0;100.0;0.0;0.0;0.0;0.0
2024-12-30 10:45:00;CONS;;;;;;;;;;;;
2024-12-30 11:00:00;CONS;9976.0;98.0;12480.0;13.0;466.0;4288.0;-13.0;102.0;0.0;0.0;0.0;0.0
2024-12-30 11:15:00;CONS;;;;;;;;;;;;
2024-12-30 11:30:00;CONS;10118.0;101.0;12508.0;9.0;547.0;4418.0;-13.0;103.0;0.0;0.0;0.0;0.0
2024-12-30 11:45:00;CONS;;;;;;;;;;;;
2024-12-30 12:00:00;CONS;10115.0;101.0;12485.0;8.0;612.0;4567.0;-13.0;101.0;0.0;0.0;0.0;0.0
2024-12-30 12:15:00;CONS;;;;;;;;;;;;
2024-12-30 12:30:00;CONS;10127.0;101.0;12478.0;6.0;645.0;4453.0;-13.0;96.0;0.0;0.0;0.0;0.0
2024-12-30 12:45:00;CONS;;;;;;;;;;;;
2024-12-30 13:00:00;CONS;10068.0;101.0;12454.0;5.0;667.0;4590.0;-13.0;99.0;0.0;0.0;0.0;0.0
2024-12-30 13:15:00;CONS;;;;;;;;;;;;
2024-12-30 13:30:00;CONS;10031.0;101.0;12445.0;4.0;659.0;4619.0;-13.0;106.0;0.0;0.0;0.0;0.0
2024-12-30 13:45:00;CONS;;;;;;;;;;;;
2024-12-30 14:00:00;CONS;9769.0;99.0;12439.0;5.0;611.0;4481.0;-13.0;108.0;0.0;0.0;0.0;0.0
2024-12-30 14:15:00;CONS;;;;;;;;;;;;
2024-12-30 14:30:00;CONS;9640.0;97.0;12374.0;5.0;539.0;4437.0;-13.0;107.0;0.0;0.0;0.0;0.0
2024-12-30 14:45:00;CONS;;;;;;;;;;;;
2024-12-30 15:00:00;CONS;9425.0;150.0;12351.0;4.0;444.0;4482.0;-13.0;105.0;0.0;0.0;0.0;0.0
2024-12-30 15:15:00;CONS;;;;;;;;;;;;
2024-12-30 15:30:00;CONS;9517.0;234.0;11548.0;3.0;323.0;5059.0;-13.0;105.0;0.0;0.0;0.0;0.0
2024-12-30 15:45:00;CONS;;;;;;;;;;;;
2024-12-30 16:00:00;CONS;9276.0;406.0;11502.0;3.0;200.0;4646.0;-13.0;107.0;0.0;0.0;0.0;0.0
2024-12-30 16:15:00;CONS;;;;;;;;;;;;
2024-12-30 16:30:00;CONS;9456.0;518.0;11511.0;4.0;92.0;4708.0;-15.0;107.0;0.0;0.0;0.0;0.0
2024-12-30 16:45:00;CONS;;;;;;;;;;;;
2024-12-30 17:00:00;CONS;9268.0;519.0;11495.0;6.0;19.0;5106.0;-13.0;104.0;0.0;0.0;0.0;0.0
2024-12-30 17:15:00;CONS;;;;;;;;;;;;
2024-12-30 17:30:00;CONS;9686.0;522.0;11474.0;7.0;0.0;4848.0;-13.0;104.0;0.0;0.0;0.0;0.0
2024-12-30 17:45:00;CONS;;;;;;;;;;;;
2024-12-30 18:00:00;CONS;9679.0;521.0;11463.0;5.0;0.0;5507.0;-13.0;106.0;0.0;0.0;0.0;0.0
2024-12-30 18:15:00;CONS;;;;;;;;;;;;
2024-12-30 18:30:00;CONS;10022.0;522.0;11459.0;3.0;0.0;5719.0;-13.0;106.0;0.0;0.0;0.0;0.0
2024-12-30 18:45:00;CONS;;;;;;;;;;;;
2024-12-30 19:00:00;CONS;10301.0;521.0;11524.0;3.0;0.0;5876.0;-13.0;99.0;0.0;0.0;0.0;0.0
2024-12-30 19:15:00;CONS;;;;;;;;;;;;
2024-12-30 19:30:00;CONS;10238.0;521.0;11545.0;4.0;0.0;5763.0;-13.0;103.0;0.0;0.0;0.0;0.0
2024-12-30 19:45:00;CONS;;;;;;;;;;;;
2024-12-30 20:00:00;CONS;10097.0;522.0;11508.0;3.0;0.0;5460.0;-13.0;111.0;0.0;0.0;0.0;0.0
2024-12-30 20:15:00;CONS;;;;;;;;;;;;
2024-12-30 20:30:00;CONS;9805.0;524.0;11522.0;3.0;0.0;5670.0;-13.0;111.0;0.0;0.0;0.0;0.0
2024-12-30 20:45:00;CONS;;;;;;;;;;;;
2024-12-30 21:00:00;CONS;9791.0;521.0;11525.0;2.0;0.0;5153.0;-13.0;111.0;0.0;0.0;0.0;0.0
2024-12-30 21:15:00;CONS;;;;;;;;;;;;
2024-12-30 21:30:00;CONS;9373.0;522.0;11520.0;3.0;0.0;4430.0;-13.0;112.0;0.0;0.0;0.0;0.0
2024-12-30 21:45:00;CONS;;;;;;;;;;;;
2024-12-30 22:00:00;CONS;9373.0;523.0;11522.0;5.0;0.0;4257.0;-13.0;114.0;0.0;0.0;0.0;0.0
2024-12-30 22:15:00;CONS;;;;;;;;;;;;
2024-12-30 22:30:00;CONS;9275.0;522.0;11525.0;5.0;0.0;4635.0;-13.0;110.0;0.0;0.0;0.0;0.0
2024-12-30 22:45:00;CONS;;;;;;;;;;;;
2024-12-30 23:00:00;CONS;9971.0;522.0;11541.0;7.0;0.0;4579.0;-13.0;110.0;0.0;0.0;0.0;0.0
2024-12-30 23:15:00;CONS;;;;;;;;;;;;
2024-12-30 23:30:00;CONS;9431.0;522.0;11530.0;10.0;0.0;3878.0;-13.0;109.0;0.0;0.0;0.0;0.0
2024-12-30 23:45:00;CONS;;;;;;;;;;;;
2024-12-31 00:00:00;CONS;9248.0;497.0;11527.0;17.0;0.0;3774.0;-13.0;110.0;0.0;0.0;0.0;0.0
2024-12-31 00:15:00;CONS;;;;;;;;;;;;
2024-12-31 00:30:00;CONS;9086.0;497.0;11530.0;27.0;0.0;3801.0;-13.0;108.0;0.0;0.0;0.0;0.0
2024-12-31 00:45:00;CONS;;;;;;;;;;;;
2024-12-31 01:00:00;CONS;8957.0;268.0;11512.0;32.0;0.0;3482.0;-13.0;111.0;0.0;0.0;0.0;0.0
2024-12-31 01:15:00;CONS;;;;;;;;;;;;
2024-12-31 01:30:00;CONS;8804.0;105.0;11525.0;34.0;0.0;3468.0;-13.0;110.0;0.0;0.0;0.0;0.0
2024-12-31 01:45:00;CONS;;;;;;;;;;;;
2024-12-31 02:00:00;CONS;8996.0;105.0;11530.0;40.0;0.0;3603.0;-13.0;111.0;0.0;0.0;0.0;0.0
2024-12-31 02:15:00;CONS;;;;;;;;;;;;
2024-12-31 02:30:00;CONS;9148.0;105.0;11557.0;45.0;0.0;3446.0;-13.0;111.0;0.0;0.0;0.0;0.0
2024-12-31 02:45:00;CONS;;;;;;;;;;;;
2024-12-31 03:00:00;CONS;8836.0;104.0;11525.0;56.0;0.0;2894.0;-13.0;111.0;0.0;0.0;0.0;0.0
2024-12-31 03:15:00;CONS;;;;;;;;;;;;
2024-12-31 03:30:00;CONS;8810.0;105.0;10889.0;58.0;0.0;2807.0;-569.0;111.0;0.0;0.0;0.0;0.0
2024-12-31 03:45:00;CONS;;;;;;;;;;;;
2024-12-31 04:00:00;CONS;8764.0;106.0;11043.0;61.0;0.0;2716.0;-827.0;110.0;0.0;0.0;0.0;0.0
2024-12-31 04:15:00;CONS;;;;;;;;;;;;
2024-12-31 04:30:00;CONS;8675.0;105.0;11346.0;62.0;0.0;2879.0;-960.0;110.0;0.0;0.0;0.0;0.0
2024-12-31 04:45:00;CONS;;;;;;;;;;;;
2024-12-31 05:00:00;CONS;8492.0;106.0;11532.0;63.0;0.0;2874.0;-957.0;109.0;0.0;0.0;0.0;0.0
2024-12-31 05:15:00;CONS;;;;;;;;;;;;
2024-12-31 05:30:00;CONS;8849.0;106.0;11556.0;67.0;0.0;2923.0;-380.0;108.0;0.0;0.0;0.0;0.0
2024-12-31 05:45:00;CONS;;;;;;;;;;;;
2024-12-31 06:00:00;CONS;8958.0;106.0;11551.0;67.0;0.0;2953.0;-95.0;109.0;0.0;0.0;0.0;0.0
2024-12-31 06:15:00;CONS;;;;;;;;;;;;
2024-12-31 06:30:00;CONS;9004.0;106.0;11462.0;62.0;0.0;3084.0;-13.0;106.0;0.0;0.0;0.0;0.0
2024-12-31 06:45:00;CONS;;;;;;;;;;;;
2024-12-31 07:00:00;CONS;9054.0;106.0;11444.0;60.0;0.0;3646.0;-13.0;105.0;0.0;0.0;0.0;0.0
2024-12-31 07:15:00;CONS;;;;;;;;;;;;
2024-12-31 07:30:00;CONS;9233.0;106.0;11456.0;64.0;0.0;3848.0;-13.0;108.0;0.0;0.0;0.0;0.0
2024-12-31 07:45:00;CONS;;;;;;;;;;;;
2024-12-31 08:00:00;CONS;9311.0;106.0;11471.0;64.0;0.0;4096.0;-13.0;108.0;0.0;0.0;0.0;0.0
2024-12-31 08:15:00;CONS;;;;;;;;;;;;
2024-12-31 08:30:00;CONS;9606.0;103.0;11446.0;67.0;2.0;4165.0;-13.0;107.0;0.0;0.0;0.0;0.0
2024-12-31 08:45:00;CONS;;;;;;;;;;;;
2024-12-31 09:00:00;CONS;9909.0;103.0;11452.0;66.0;47.0;4237.0;-13.0;99.0;0.0;0.0;0.0;0.0
2024-12-31 09:15:00;CONS;;;;;;;;;;;;
2024-12-31 09:30:00;CONS;10136.0;104.0;11405.0;62.0;158.0;4209.0;-13.0;98.0;0.0;0.0;0.0;0.0
2024-12-31 09:45:00;CONS;;;;;;;;;;;;
2024-12-31 10:00:00;CONS;10070.0;107.0;11408.0;54.0;300.0;4060.0;-13.0;96.0;0.0;0.0;0.0;0.0
2024-12-31 10:15:00;CONS;;;;;;;;;;;;
2024-12-31 10:30:00;CONS;10130.0;107.0;11428.0;49.0;455.0;4080.0;-13.0;97.0;0.0;0.0;0.0;0.0
2024-12-31 10:45:00;CONS;;;;;;;;;;;;
2024-12-31 11:00:00;CONS;10069.0;105.0;11239.0;42.0;588.0;3834.0;-13.0;101.0;0.0;0.0;0.0;0.0
2024-12-31 11:15:00;CONS;;;;;;;;;;;;
2024-12-31 11:30:00;CONS;9990.0;105.0;11307.0;33.0;686.0;3528.0;-13.0;105.0;0.0;0.0;0.0;0.0
2024-12-31 11:45:00;CONS;;;;;;;;;;;;
2024-12-31 12:00:00;CONS;10126.0;105.0;11358.0;31.0;779.0;3327.0;-13.0;110.0;0.0;0.0;0.0;0.0
2024-12-31 12:15:00;CONS;;;;;;;;;;;;
2024-12-31 12:30:00;CONS;9942.0;104.0;11363.0;32.0;840.0;3239.0;-490.0;110.0;0.0;0.0;0.0;0.0
2024-12-31 12:45:00;CONS;;;;;;;;;;;;
2024-12-31 13:00:00;CONS;10054.0;105.0;11380.0;33.0;860.0;3131.0;-713.0;107.0;0.0;0.0;0.0;0.0
2024-12-31 13:15:00;CONS;;;;;;;;;;;;
2024-12-31 13:30:00;CONS;9996.0;107.0;11364.0;30.0;836.0;3003.0;-622.0;111.0;0.0;0.0;0.0;0.0
2024-12-31 13:45:00;CONS;;;;;;;;;;;;
2024-12-31 14:00:00;CONS;9524.0;107.0;11341.0;28.0;794.0;2734.0;-811.0;107.0;0.0;0.0;0.0;0.0
2024-12-31 14:15:00;CONS;;;;;;;;;;;;
2024-12-31 14:30:00;CONS;9473.0;111.0;11351.0;32.0;712.0;2644.0;-923.0;110.0;0.0;0.0;0.0;0.0
2024-12-31 14:45:00;CONS;;;;;;;;;;;;
2024-12-31 15:00:00;CONS;9444.0;120.0;11349.0;27.0;583.0;2803.0;-1171.0;109.0;0.0;0.0;0.0;0.0
2024-12-31 15:15:00;CONS;;;;;;;;;;;;
2024-12-31 15:30:00;CONS;9272.0;116.0;11365.0;24.0;430.0;2844.0;-764.0;111.0;0.0;0.0;0.0;0.0
2024-12-31 15:45:00;CONS;;;;;;;;;;;;
2024-12-31 16:00:00;CONS;8981.0;117.0;11374.0;22.0;261.0;2576.0;-248.0;110.0;0.0;0.0;0.0;0.0
2024-12-31 16:15:00;CONS;;;;;;;;;;;;
2024-12-31 16:30:00;CONS;9231.0;117.0;11303.0;25.0;116.0;2529.0;-13.0;110.0;0.0;0.0;0.0;0.0
2024-12-31 16:45:00;CONS;;;;;;;;;;;;
2024-12-31 17:00:00;CONS;9180.0;117.0;11286.0;29.0;24.0;2724.0;-13.0;108.0;0.0;0.0;0.0;0.0
2024-12-31 17:15:00;CONS;;;;;;;;;;;;
2024-12-31 17:30:00;CONS;9424.0;118.0;11269.0;31.0;1.0;2962.0;-13.0;109.0;0.0;0.0;0.0;0.0
2024-12-31 17:45:00;CONS;;;;;;;;;;;;
2024-12-31 18:00:00;CONS;9902.0;119.0;11258.0;30.0;0.0;3642.0;-13.0;110.0;0.0;0.0;0.0;0.0
2024-12-31 18:15:00;CONS;;;;;;;;;;;;
2024-12-31 18:30:00;CONS;9855.0;119.0;11257.0;30.0;0.0;4019.0;-13.0;107.0;0.0;0.0;0.0;0.0
2024-12-31 18:45:00;CONS;;;;;;;;;;;;
2024-12-31 19:00:00;CONS;9857.0;111.0;11232.0;29.0;0.0;3798.0;-13.0;111.0;0.0;0.0;0.0;0.0
2024-12-31 19:15:00;CONS;;;;;;;;;;;;
2024-12-31 19:30:00;CONS;9938.0;109.0;11230.0;30.0;0.0;3399.0;-13.0;108.0;0.0;0.0;0.0;0.0
2024-12-31 19:45:00;CONS;;;;;;;;;;;;
2024-12-31 20:00:00;CONS;9676.0;109.0;11133.0;35.0;0.0;2822.0;-13.0;108.0;0.0;0.0;0.0;0.0
2024-12-31 20:15:00;CONS;;;;;;;;;;;;
2024-12-31 20:30:00;CONS;9411.0;112.0;11120.0;37.0;0.0;2922.0;-13.0;110.0;0.0;0.0;0.0;0.0
2024-12-31 20:45:00;CONS;;;;;;;;;;;;
2024-12-31 21:00:00;CONS;9356.0;112.0;10972.0;45.0;0.0;2688.0;-378.0;110.0;0.0;0.0;0.0;0.0
2024-12-31 21:15:00;CONS;;;;;;;;;;;;
2024-12-31 21:30:00;CONS;9111.0;112.0;11256.0;48.0;0.0;2407.0;-838.0;111.0;0.0;0.0;0.0;0.0
2024-12-31 21:45:00;CONS;;;;;;;;;;;;
2024-12-31 22:00:00;CONS;9083.0;112.0;11272.0;60.0;0.0;2296.0;-1226.0;112.0;0.0;0.0;0.0;0.0
2024-12-31 22:15:00;CONS;;;;;;;;;;;;
2024-12-31 22:30:00;CONS;9163.0;112.0;11402.0;78.0;0.0;2274.0;-1162.0;112.0;0.0;0.0;0.0;0.0
2024-12-31 22:45:00;CONS;;;;;;;;;;;;
2024-12-31 23:00:00;CONS;9560.0;112.0;11435.0;103.0;0.0;2396.0;-1120.0;111.0;0.0;0.0;0.0;0.0
2024-12-31 23:15:00;CONS;;;;;;;;;;;;
2024-12-31 23:30:00;CONS;9488.0;112.0;11457.0;115.0;0.0;2501.0;-1100.0;113.0;0.0;0.0;0.0;0.0
2024-12-31 23:45:00;CONS;;;;;;;;;;;;
2025-01-01 00:00:00;TR;9002.0;134.0;11017.0;118.0;0.0;2609.0;-1301.0;40.0;0.0;0.0;ND;ND
2025-01-01 00:15:00;TR;9023.0;134.0;10976.0;130.0;0.0;2473.0;-1456.0;40.0;0.0;0.0;ND;ND
2025-01-01 00:30:00;TR;8940.0;133.0;10733.0;137.0;0.0;2454.0;-1456.0;40.0;0.0;0.0;ND;ND
2025-01-01 00:45:00;TR;8803.0;125.0;10399.0;140.0;0.0;2345.0;-1453.0;40.0;0.0;0.0;ND;ND
2025-01-01 01:00:00;TR;8802.0;126.0;10137.0;151.0;0.0;2319.0;-1459.0;40.0;0.0;0.0;ND;ND
2025-01-01 01:15:00;TR;8753.0;125.0;9866.0;156.0;0.0;2557.0;-1458.0;40.0;0.0;0.0;ND;ND
2025-01-01 01:30:00;TR;8718.0;125.0;9573.0;154.0;0.0;2511.0;-1455.0;40.0;0.0;0.0;ND;ND
2025-01-01 01:45:00;TR;8713.0;125.0;9569.0;159.0;0.0;2470.0;-1456.0;40.0;0.0;0.0;ND;ND
2025-01-01 02:00:00;TR;8719.0;126.0;9603.0;164.0;0.0;2500.0;-1455.0;40.0;0.0;0.0;ND;ND
2025-01-01 02:15:00;TR;8828.0;120.0;9558.0;167.0;0.0;2291.0;-1537.0;40.0;0.0;4.0;ND;ND
2025-01-01 02:30:00;TR;8727.0;120.0;9242.0;163.0;0.0;2235.0;-1538.0;40.0;0.0;0.0;ND;ND
2025-01-01 02:45:00;TR;8690.0;120.0;9061.0;167.0;0.0;2235.0;-1536.0;40.0;0.0;0.0;ND;ND
2025-01-01 03:00:00;TR;8630.0;119.0;8955.0;169.0;0.0;2049.0;-1540.0;39.0;0.0;0.0;ND;ND
2025-01-01 03:15:00;TR;8615.0;119.0;8986.0;171.0;0.0;1851.0;-1614.0;39.0;0.0;5.0;ND;ND
2025-01-01 03:30:00;TR;8535.0;120.0;8765.0;169.0;0.0;1840.0;-1620.0;38.0;0.0;0.0;ND;ND
2025-01-01 03:45:00;TR;8433.0;120.0;8552.0;172.0;0.0;1860.0;-1616.0;38.0;0.0;0.0;ND;ND
2025-01-01 04:00:00;TR;8417.0;120.0;8411.0;173.0;0.0;1830.0;-1613.0;38.0;0.0;0.0;ND;ND
2025-01-01 04:15:00;TR;8368.0;120.0;8294.0;174.0;0.0;1764.0;-1855.0;39.0;0.0;0.0;ND;ND
2025-01-01 04:30:00;TR;8283.0;119.0;8205.0;179.0;0.0;1741.0;-1857.0;40.0;0.0;0.0;ND;ND
2025-01-01 04:45:00;TR;8259.0;120.0;8201.0;184.0;0.0;1730.0;-1856.0;40.0;0.0;0.0;ND;ND
2025-01-01 05:00:00;TR;8266.0;119.0;8197.0;174.0;0.0;1881.0;-1850.0;40.0;0.0;0.0;ND;ND
2025-01-01 05:15:00;TR;8340.0;120.0;8366.0;174.0;0.0;1874.0;-1612.0;40.0;0.0;0.0;ND;ND
2025-01-01 05:30:00;TR;8292.0;119.0;8154.0;175.0;0.0;1889.0;-1613.0;40.0;0.0;0.0;ND;ND
2025-01-01 05:45:00;TR;8292.0;119.0;7792.0;172.0;0.0;1858.0;-1618.0;40.0;0.0;0.0;ND;ND
2025-01-01 06:00:00;TR;8169.0;120.0;7575.0;170.0;0.0;1808.0;-1618.0;40.0;0.0;0.0;ND;ND
2025-01-01 06:15:00;TR;8168.0;120.0;7851.0;164.0;0.0;1829.0;-1857.0;40.0;0.0;0.0;ND;ND
2025-01-01 06:30:00;TR;8136.0;119.0;7848.0;170.0;0.0;1774.0;-1851.0;40.0;0.0;0.0;ND;ND
2025-01-01 06:45:00;TR;8157.0;120.0;7886.0;173.0;0.0;1789.0;-1849.0;40.0;0.0;0.0;ND;ND
2025-01-01 07:00:00;TR;8056.0;120.0;7516.0;176.0;0.0;1800.0;-1854.0;40.0;0.0;0.0;ND;ND
2025-01-01 07:15:00;TR;8122.0;135.0;7140.0;183.0;0.0;1831.0;-1851.0;40.0;0.0;0.0;ND;ND
2025-01-01 07:30:00;TR;8106.0;135.0;7046.0;187.0;0.0;1897.0;-1853.0;40.0;0.0;0.0;ND;ND
2025-01-01 07:45:00;TR;8130.0;135.0;7284.0;174.0;0.0;1855.0;-1851.0;40.0;0.0;0.0;ND;ND
2025-01-01 08:00:00;TR;8167.0;135.0;7521.0;169.0;11.0;1877.0;-1854.0;40.0;0.0;0.0;ND;ND
2025-01-01 08:15:00;TR;8077.0;135.0;7880.0;174.0;24.0;1842.0;-1774.0;40.0;0.0;0.0;ND;ND
2025-01-01 08:30:00;TR;8123.0;135.0;8163.0;176.0;41.0;1850.0;-1778.0;40.0;0.0;0.0;ND;ND
2025-01-01 08:45:00;TR;8251.0;135.0;8458.0;173.0;54.0;1771.0;-1773.0;40.0;0.0;0.0;ND;ND
2025-01-01 09:00:00;TR;8212.0;135.0;8507.0;176.0;76.0;1851.0;-1778.0;40.0;0.0;0.0;ND;ND
2025-01-01 09:15:00;TR;8261.0;135.0;8635.0;173.0;155.0;1790.0;-1775.0;40.0;0.0;0.0;ND;ND
2025-01-01 09:30:00;TR;8332.0;135.0;8572.0;167.0;249.0;1739.0;-1774.0;40.0;-5.0;0.0;ND;ND
2025-01-01 09:45:00;TR;8259.0;135.0;8604.0;162.0;341.0;1675.0;-1773.0;40.0;-5.0;0.0;ND;ND
2025-01-01 10:00:00;TR;8260.0;135.0;8664.0;156.0;434.0;1660.0;-1764.0;40.0;-5.0;0.0;ND;ND
2025-01-01 10:15:00;TR;8292.0;134.0;8743.0;149.0;537.0;1568.0;-1771.0;40.0;0.0;0.0;ND;ND
2025-01-01 10:30:00;TR;8269.0;134.0;8779.0;143.0;627.0;1543.0;-1772.0;40.0;0.0;0.0;ND;ND
2025-01-01 10:45:00;TR;8178.0;134.0;8742.0;135.0;710.0;1463.0;-1767.0;40.0;0.0;0.0;ND;ND
2025-01-01 11:00:00;TR;8197.0;134.0;8893.0;129.0;792.0;1470.0;-1771.0;40.0;0.0;0.0;ND;ND
2025-01-01 11:15:00;TR;8177.0;134.0;8697.0;128.0;826.0;1443.0;-1535.0;40.0;0.0;0.0;ND;ND
2025-01-01 11:30:00;TR;8125.0;134.0;8719.0;124.0;873.0;1438.0;-1537.0;40.0;0.0;0.0;ND;ND
2025-01-01 11:45:00;TR;8112.0;134.0;8708.0;123.0;923.0;1482.0;-1536.0;40.0;0.0;0.0;ND;ND
2025-01-01 12:00:00;TR;8132.0;134.0;8787.0;121.0;966.0;1619.0;-1536.0;40.0;0.0;0.0;ND;ND
2025-01-01 12:15:00;TR;8096.0;133.0;8969.0;125.0;1004.0;1547.0;-1534.0;40.0;0.0;5.0;ND;ND
2025-01-01 12:30:00;TR;7824.0;133.0;8830.0;116.0;1011.0;1887.0;-1533.0;39.0;0.0;0.0;ND;ND
2025-01-01 12:45:00;TR;7941.0;133.0;8894.0;116.0;1024.0;1879.0;-1532.0;39.0;0.0;0.0;ND;ND
2025-01-01 13:00:00;TR;7817.0;133.0;8655.0;118.0;1032.0;2047.0;-1534.0;38.0;0.0;0.0;ND;ND
2025-01-01 13:15:00;TR;7983.0;132.0;8721.0;127.0;1009.0;2133.0;-1533.0;39.0;0.0;0.0;ND;ND
2025-01-01 13:30:00;TR;7789.0;132.0;8658.0;140.0;981.0;1769.0;-1535.0;39.0;0.0;0.0;ND;ND
2025-01-01 13:45:00;TR;7732.0;132.0;8518.0;141.0;950.0;1494.0;-1537.0;40.0;0.0;0.0;ND;ND
2025-01-01 14:00:00;TR;7608.0;132.0;8502.0;141.0;917.0;1494.0;-1533.0;40.0;-4.0;0.0;ND;ND
2025-01-01 14:15:00;TR;7492.0;132.0;8740.0;145.0;854.0;1566.0;-1538.0;40.0;0.0;0.0;ND;ND
2025-01-01 14:30:00;TR;7377.0;132.0;8857.0;143.0;782.0;1434.0;-1528.0;40.0;0.0;0.0;ND;ND
2025-01-01 14:45:00;TR;7350.0;132.0;8797.0;143.0;732.0;1361.0;-1529.0;40.0;0.0;0.0;ND;ND
2025-01-01 15:00:00;TR;7314.0;132.0;8749.0;140.0;648.0;1363.0;-1531.0;40.0;0.0;0.0;ND;ND
2025-01-01 15:15:00;TR;7262.0;132.0;8736.0;141.0;554.0;1351.0;-1770.0;40.0;0.0;0.0;ND;ND
2025-01-01 15:30:00;TR;7293.0;132.0;8934.0;141.0;465.0;1366.0;-1767.0;40.0;0.0;0.0;ND;ND
2025-01-01 15:45:00;TR;7249.0;132.0;9032.0;147.0;350.0;1441.0;-1762.0;36.0;0.0;5.0;ND;ND
2025-01-01 16:00:00;TR;7291.0;132.0;8951.0;150.0;256.0;1760.0;-1770.0;36.0;0.0;4.0;ND;ND
2025-01-01 16:15:00;TR;7330.0;132.0;8863.0;155.0;181.0;1782.0;-1450.0;36.0;0.0;0.0;ND;ND
2025-01-01 16:30:00;TR;7398.0;132.0;8990.0;167.0;123.0;1581.0;-1449.0;36.0;0.0;5.0;ND;ND
2025-01-01 16:45:00;TR;7397.0;132.0;9208.0;170.0;63.0;1846.0;-1453.0;35.0;0.0;0.0;ND;ND
2025-01-01 17:00:00;TR;7585.0;132.0;9591.0;180.0;22.0;1837.0;-1455.0;35.0;0.0;0.0;ND;ND
2025-01-01 17:15:00;TR;7698.0;132.0;9694.0;192.0;15.0;1591.0;-1446.0;36.0;0.0;0.0;ND;ND
2025-01-01 17:30:00;TR;7981.0;132.0;9813.0;199.0;14.0;1747.0;-1450.0;36.0;0.0;0.0;ND;ND
2025-01-01 17:45:00;TR;8093.0;132.0;9911.0;203.0;13.0;1847.0;-1453.0;36.0;0.0;0.0;ND;ND
2025-01-01 18:00:00;TR;8244.0;132.0;9978.0;206.0;14.0;2091.0;-1449.0;36.0;0.0;0.0;ND;ND
2025-01-01 18:15:00;TR;8281.0;132.0;10460.0;217.0;13.0;2092.0;-1451.0;36.0;0.0;0.0;ND;ND
2025-01-01 18:30:00;TR;8439.0;132.0;10911.0;232.0;0.0;2085.0;-1455.0;35.0;0.0;0.0;ND;ND
2025-01-01 18:45:00;TR;8512.0;132.0;11138.0;234.0;0.0;2375.0;-1448.0;36.0;0.0;0.0;ND;ND
2025-01-01 19:00:00;TR;8554.0;133.0;11221.0;248.0;0.0;2499.0;-1452.0;36.0;0.0;0.0;ND;ND
2025-01-01 19:15:00;TR;8624.0;133.0;11242.0;261.0;0.0;2289.0;-1455.0;36.0;0.0;0.0;ND;ND
2025-01-01 19:30:00;TR;8627.0;133.0;11229.0;274.0;0.0;2347.0;-1449.0;36.0;0.0;0.0;ND;ND
2025-01-01 19:45:00;TR;8522.0;133.0;11179.0;278.0;0.0;2334.0;-1453.0;35.0;0.0;0.0;ND;ND
2025-01-01 20:00:00;TR;8475.0;133.0;11219.0;284.0;0.0;2447.0;-1447.0;36.0;0.0;0.0;ND;ND
2025-01-01 20:15:00;TR;8489.0;133.0;11277.0;276.0;0.0;2187.0;-1451.0;36.0;0.0;0.0;ND;ND
2025-01-01 20:30:00;TR;8371.0;133.0;11204.0;277.0;0.0;2105.0;-1448.0;35.0;0.0;0.0;ND;ND
2025-01-01 20:45:00;TR;8312.0;133.0;11136.0;271.0;0.0;2120.0;-1451.0;36.0;0.0;0.0;ND;ND
2025-01-01 21:00:00;TR;8287.0;133.0;11106.0;275.0;0.0;2028.0;-1448.0;36.0;0.0;0.0;ND;ND
2025-01-01 21:15:00;TR;8219.0;133.0;11279.0;284.0;0.0;2001.0;-1451.0;36.0;0.0;0.0;ND;ND
2025-01-01 21:30:00;TR;8097.0;133.0;11226.0;291.0;0.0;1978.0;-1449.0;36.0;0.0;0.0;ND;ND
2025-01-01 21:45:00;TR;8006.0;133.0;11111.0;296.0;0.0;1989.0;-1449.0;36.0;0.0;0.0;ND;ND
2025-01-01 22:00:00;TR;8104.0;133.0;10926.0;301.0;0.0;1957.0;-1447.0;36.0;0.0;0.0;ND;ND
2025-01-01 22:15:00;TR;8244.0;133.0;11027.0;312.0;0.0;1852.0;-1463.0;36.0;0.0;0.0;ND;ND
2025-01-01 22:30:00;TR;8308.0;133.0;11023.0;316.0;0.0;1835.0;-1689.0;36.0;0.0;0.0;ND;ND
2025-01-01 22:45:00;TR;8391.0;133.0;11196.0;314.0;0.0;1897.0;-1689.0;36.0;0.0;0.0;ND;ND
2025-01-01 23:00:00;TR;8383.0;133.0;11168.0;321.0;0.0;1907.0;-1681.0;36.0;0.0;0.0;ND;ND
2025-01-01 23:15:00;TR;8429.0;133.0;10929.0;325.0;0.0;1789.0;-1689.0;36.0;0.0;0.0;ND;ND
2025-01-01 23:30:00;TR;8338.0;133.0;10801.0;318.0;0.0;1714.0;-1684.0;36.0;-4.0;0.0;ND;ND
2025-01-01 23:45:00;TR;8265.0;135.0;10910.0;339.0;0.0;1666.0;-1683.0;36.0;0.0;0.0;ND;ND
2025-01-02 00:00:00;TR;8187.0;135.0;10503.0;331.0;0.0;1666.0;-1686.0;37.0;0.0;0.0;ND;ND
2025-01-02 00:15:00;TR;8117.0;135.0;9845.0;329.0;0.0;1695.0;-1760.0;38.0;0.0;5.0;ND;ND
2025-01-02 00:30:00;TR;8012.0;135.0;9232.0;333.0;0.0;1669.0;-1292.0;38.0;0.0;0.0;ND;ND
2025-01-02 00:45:00;TR;7777.0;134.0;8961.0;328.0;0.0;1628.0;-1369.0;38.0;0.0;0.0;ND;ND
2025-01-02 01:00:00;TR;7719.0;134.0;8926.0;326.0;0.0;1783.0;-1362.0;38.0;0.0;0.0;ND;ND
2025-01-02 01:15:00;TR;7739.0;133.0;9135.0;327.0;0.0;1868.0;-1131.0;38.0;0.0;0.0;ND;ND
2025-01-02 01:30:00;TR;7681.0;134.0;9080.0;330.0;0.0;1912.0;-1128.0;38.0;0.0;0.0;ND;ND
2025-01-02 01:45:00;TR;7688.0;134.0;9048.0;332.0;0.0;1906.0;-1128.0;38.0;0.0;0.0;ND;ND
2025-01-02 02:00:00;TR;7705.0;133.0;9077.0;337.0;0.0;1856.0;-1128.0;38.0;0.0;0.0;ND;ND
2025-01-02 02:15:00;TR;7798.0;133.0;9341.0;340.0;0.0;1698.0;-1448.0;38.0;0.0;0.0;ND;ND
2025-01-02 02:30:00;TR;7751.0;133.0;9211.0;344.0;0.0;1655.0;-1447.0;39.0;0.0;0.0;ND;ND
2025-01-02 02:45:00;TR;7699.0;133.0;9083.0;355.0;0.0;1652.0;-1684.0;39.0;0.0;0.0;ND;ND
2025-01-02 03:00:00;TR;7616.0;133.0;9067.0;336.0;0.0;1613.0;-1685.0;39.0;0.0;0.0;ND;ND
2025-01-02 03:15:00;TR;7634.0;133.0;9156.0;352.0;0.0;1645.0;-1682.0;38.0;0.0;0.0;ND;ND
2025-01-02 03:30:00;TR;7553.0;133.0;9046.0;346.0;0.0;1561.0;-1681.0;39.0;0.0;0.0;ND;ND
2025-01-02 03:45:00;TR;7473.0;133.0;8853.0;348.0;0.0;1534.0;-1683.0;39.0;0.0;0.0;ND;ND
2025-01-02 04:00:00;TR;7470.0;133.0;8722.0;348.0;0.0;1553.0;-1684.0;39.0;0.0;0.0;ND;ND
2025-01-02 04:15:00;TR;7493.0;133.0;8726.0;351.0;0.0;1539.0;-1448.0;38.0;0.0;0.0;ND;ND
2025-01-02 04:30:00;TR;7486.0;133.0;8869.0;347.0;0.0;1551.0;-1606.0;38.0;0.0;0.0;ND;ND
2025-01-02 04:45:00;TR;7463.0;133.0;9018.0;328.0;0.0;1548.0;-1604.0;38.0;0.0;0.0;ND;ND
2025-01-02 05:00:00;TR;7552.0;133.0;9427.0;314.0;0.0;1546.0;-1599.0;38.0;0.0;0.0;ND;ND
2025-01-02 05:15:00;TR;7616.0;134.0;10180.0;309.0;0.0;1565.0;-1445.0;38.0;0.0;0.0;ND;ND
2025-01-02 05:30:00;TR;7695.0;134.0;10498.0;312.0;0.0;1552.0;-1439.0;38.0;0.0;0.0;ND;ND
2025-01-02 05:45:00;TR;7749.0;134.0;10701.0;323.0;0.0;1556.0;-1443.0;38.0;0.0;0.0;ND;ND
2025-01-02 06:00:00;TR;7693.0;134.0;10627.0;329.0;0.0;1602.0;-1450.0;38.0;0.0;0.0;ND;ND
2025-01-02 06:15:00;TR;7788.0;134.0;10530.0;342.0;0.0;2447.0;-968.0;38.0;0.0;0.0;ND;ND
2025-01-02 06:30:00;TR;7860.0;134.0;10704.0;324.0;0.0;2834.0;-963.0;38.0;0.0;0.0;ND;ND
2025-01-02 06:45:00;TR;7923.0;131.0;10603.0;332.0;0.0;2554.0;-325.0;38.0;0.0;0.0;ND;ND
2025-01-02 07:00:00;TR;8016.0;133.0;10693.0;329.0;0.0;2579.0;-322.0;38.0;0.0;0.0;ND;ND
2025-01-02 07:15:00;TR;8103.0;133.0;10645.0;341.0;0.0;2884.0;-1.0;38.0;0.0;0.0;ND;ND
2025-01-02 07:30:00;TR;8175.0;190.0;10891.0;319.0;0.0;2967.0;0.0;38.0;0.0;0.0;ND;ND
2025-01-02 07:45:00;TR;8247.0;256.0;10996.0;322.0;0.0;2836.0;0.0;38.0;0.0;0.0;ND;ND
2025-01-02 08:00:00;TR;8405.0;256.0;10975.0;328.0;13.0;3371.0;-2.0;38.0;0.0;0.0;ND;ND
2025-01-02 08:15:00;TR;8404.0;276.0;11026.0;345.0;21.0;3397.0;-1.0;38.0;0.0;0.0;ND;ND
2025-01-02 08:30:00;TR;8564.0;306.0;11119.0;361.0;29.0;3374.0;-1.0;38.0;0.0;0.0;ND;ND
2025-01-02 08:45:00;TR;8620.0;367.0;11119.0;359.0;38.0;3227.0;-2.0;38.0;0.0;0.0;ND;ND
2025-01-02 09:00:00;TR;8700.0;404.0;11178.0;366.0;46.0;3232.0;-2.0;38.0;0.0;0.0;ND;ND
2025-01-02 09:15:00;TR;8845.0;442.0;11196.0;381.0;79.0;3303.0;-1.0;38.0;0.0;0.0;ND;ND
2025-01-02 09:30:00;TR;8876.0;449.0;11165.0;346.0;110.0;3403.0;-1.0;38.0;0.0;0.0;ND;ND
2025-01-02 09:45:00;TR;8870.0;480.0;11225.0;335.0;139.0;3405.0;-1.0;38.0;0.0;0.0;ND;ND
2025-01-02 10:00:00;TR;8962.0;516.0;11368.0;358.0;170.0;3406.0;-1.0;38.0;0.0;0.0;ND;ND
2025-01-02 10:15:00;TR;8959.0;535.0;11272.0;364.0;208.0;3390.0;0.0;38.0;0.0;0.0;ND;ND
2025-01-02 10:30:00;TR;8925.0;535.0;11252.0;364.0;241.0;3444.0;0.0;38.0;0.0;0.0;ND;ND
2025-01-02 10:45:00;TR;8733.0;537.0;11336.0;351.0;289.0;3412.0;-2.0;38.0;0.0;0.0;ND;ND
2025-01-02 11:00:00;TR;8735.0;538.0;11229.0;359.0;337.0;3244.0;-2.0;38.0;0.0;0.0;ND;ND
2025-01-02 11:15:00;TR;8848.0;537.0;11222.0;350.0;373.0;2928.0;-4.0;38.0;0.0;0.0;ND;ND
2025-01-02 11:30:00;TR;8808.0;539.0;11236.0;344.0;289.0;3155.0;-1.0;38.0;0.0;0.0;ND;ND
2025-01-02 11:45:00;TR;8826.0;539.0;11368.0;350.0;301.0;3265.0;-2.0;38.0;0.0;0.0;ND;ND
2025-01-02 12:00:00;TR;8858.0;539.0;11409.0;357.0;320.0;3242.0;-1.0;37.0;0.0;0.0;ND;ND
2025-01-02 12:15:00;TR;8847.0;540.0;11459.0;366.0;301.0;3425.0;-1.0;38.0;0.0;0.0;ND;ND
2025-01-02 12:30:00;TR;8821.0;538.0;11477.0;358.0;313.0;3325.0;0.0;38.0;0.0;0.0;ND;ND
2025-01-02 12:45:00;TR;8881.0;540.0;11490.0;343.0;326.0;3501.0;0.0;38.0;0.0;0.0;ND;ND
2025-01-02 13:00:00;TR;8798.0;537.0;11515.0;349.0;294.0;4124.0;-2.0;38.0;0.0;0.0;ND;ND
2025-01-02 13:15:00;TR;8805.0;537.0;11579.0;335.0;297.0;4477.0;-2.0;38.0;0.0;4.0;ND;ND
2025-01-02 13:30:00;TR;8811.0;537.0;11592.0;334.0;292.0;4128.0;-2.0;38.0;0.0;0.0;ND;ND
2025-01-02 13:45:00;TR;8701.0;537.0;11619.0;346.0;293.0;4073.0;-1.0;38.0;0.0;0.0;ND;ND
2025-01-02 14:00:00;TR;8722.0;537.0;11605.0;356.0;282.0;3435.0;-1.0;38.0;0.0;0.0;ND;ND
2025-01-02 14:15:00;TR;8697.0;537.0;11760.0;347.0;253.0;3041.0;0.0;38.0;0.0;0.0;ND;ND
2025-01-02 14:30:00;TR;8595.0;537.0;11924.0;342.0;227.0;3063.0;-4.0;36.0;0.0;0.0;ND;ND
2025-01-02 14:45:00;TR;8567.0;538.0;12041.0;344.0;207.0;3176.0;-2.0;37.0;0.0;0.0;ND;ND
2025-01-02 15:00:00;TR;8411.0;538.0;12163.0;332.0;177.0;3230.0;0.0;37.0;0.0;0.0;ND;ND
2025-01-02 15:15:00;TR;8495.0;538.0;12276.0;352.0;173.0;3531.0;-1.0;37.0;0.0;0.0;ND;ND
2025-01-02 15:30:00;TR;8251.0;539.0;12286.0;359.0;143.0;3587.0;-2.0;38.0;0.0;0.0;ND;ND
2025-01-02 15:45:00;TR;8415.0;539.0;12304.0;353.0;108.0;3546.0;-1.0;38.0;0.0;0.0;ND;ND
2025-01-02 16:00:00;TR;8392.0;539.0;12287.0;356.0;79.0;4018.0;-1.0;38.0;0.0;0.0;ND;ND
2025-01-02 16:15:00;TR;8323.0;540.0;12292.0;356.0;56.0;4719.0;0.0;38.0;0.0;0.0;ND;ND
2025-01-02 16:30:00;TR;8319.0;540.0;12270.0;370.0;47.0;4969.0;0.0;38.0;0.0;0.0;ND;ND
2025-01-02 16:45:00;TR;8271.0;540.0;12272.0;346.0;30.0;5059.0;0.0;38.0;0.0;0.0;ND;ND
2025-01-02 17:00:00;TR;8248.0;540.0;12272.0;343.0;17.0;4835.0;-2.0;38.0;0.0;0.0;ND;ND
2025-01-02 17:15:00;TR;8335.0;540.0;12285.0;338.0;13.0;4736.0;0.0;38.0;0.0;0.0;ND;ND
2025-01-02 17:30:00;TR;8389.0;540.0;12296.0;355.0;13.0;5049.0;0.0;38.0;0.0;0.0;ND;ND
2025-01-02 17:45:00;TR;8527.0;541.0;12308.0;353.0;13.0;5061.0;-1.0;38.0;0.0;0.0;ND;ND
2025-01-02 18:00:00;TR;8554.0;542.0;12331.0;361.0;13.0;5072.0;-2.0;38.0;0.0;0.0;ND;ND
2025-01-02 18:15:00;TR;8651.0;542.0;12338.0;343.0;13.0;5065.0;-1.0;38.0;0.0;0.0;ND;ND
2025-01-02 18:30:00;TR;8657.0;542.0;12320.0;305.0;0.0;5162.0;0.0;38.0;0.0;0.0;ND;ND
2025-01-02 18:45:00;TR;8745.0;542.0;12333.0;319.0;0.0;5083.0;-2.0;38.0;0.0;0.0;ND;ND
2025-01-02 19:00:00;TR;8820.0;542.0;12365.0;319.0;0.0;5300.0;-2.0;38.0;0.0;0.0;ND;ND
2025-01-02 19:15:00;TR;8751.0;543.0;12348.0;323.0;0.0;4996.0;-1.0;38.0;0.0;0.0;ND;ND
2025-01-02 19:30:00;TR;8722.0;543.0;12367.0;341.0;0.0;4588.0;0.0;37.0;0.0;0.0;ND;ND
2025-01-02 19:45:00;TR;8634.0;545.0;12368.0;343.0;0.0;4471.0;-3.0;37.0;-3.0;0.0;ND;ND
2025-01-02 20:00:00;TR;8442.0;545.0;12369.0;334.0;0.0;4525.0;-2.0;37.0;0.0;0.0;ND;ND
2025-01-02 20:15:00;TR;8367.0;545.0;12355.0;322.0;0.0;4525.0;-2.0;37.0;0.0;0.0;ND;ND
2025-01-02 20:30:00;TR;8247.0;545.0;12371.0;295.0;0.0;3789.0;-2.0;38.0;-4.0;0.0;ND;ND
2025-01-02 20:45:00;TR;8193.0;545.0;12365.0;285.0;0.0;3823.0;-3.0;38.0;-4.0;0.0;ND;ND
2025-01-02 21:00:00;TR;8262.0;546.0;12371.0;276.0;0.0;3854.0;-1.0;38.0;0.0;0.0;ND;ND
2025-01-02 21:15:00;TR;8208.0;546.0;12361.0;262.0;0.0;4063.0;-1.0;38.0;0.0;0.0;ND;ND
2025-01-02 21:30:00;TR;8094.0;546.0;12369.0;229.0;0.0;3654.0;0.0;37.0;0.0;0.0;ND;ND
2025-01-02 21:45:00;TR;7943.0;546.0;12377.0;213.0;0.0;3677.0;-3.0;38.0;0.0;0.0;ND;ND
2025-01-02 22:00:00;TR;7982.0;546.0;12367.0;198.0;0.0;3584.0;-1.0;38.0;0.0;0.0;ND;ND
2025-01-02 22:15:00;TR;8144.0;546.0;12371.0;169.0;0.0;3343.0;-1.0;37.0;0.0;0.0;ND;ND
2025-01-02 22:30:00;TR;8188.0;546.0;12372.0;160.0;0.0;3231.0;-2.0;37.0;0.0;0.0;ND;ND
2025-01-02 22:45:00;TR;8264.0;547.0;12369.0;137.0;0.0;3438.0;-2.0;37.0;0.0;0.0;ND;ND
2025-01-02 23:00:00;TR;8351.0;449.0;12379.0;119.0;0.0;3283.0;-2.0;38.0;0.0;0.0;ND;ND
2025-01-02 23:15:00;TR;8354.0;354.0;12373.0;107.0;0.0;3121.0;-84.0;37.0;0.0;0.0;ND;ND
2025-01-02 23:30:00;TR;8237.0;354.0;12371.0;87.0;0.0;3155.0;-83.0;37.0;0.0;0.0;ND;ND
2025-01-02 23:45:00;TR;8096.0;354.0;12370.0;73.0;0.0;3228.0;-81.0;37.0;0.0;0.0;ND;ND
2025-01-03 00:00:00;TR;8042.0;456.0;12374.0;77.0;0.0;3148.0;-84.0;37.0;0.0;0.0;ND;ND
2025-01-03 00:15:00;TR;7976.0;230.0;12377.0;65.0;0.0;3479.0;-81.0;38.0;0.0;0.0;ND;ND
2025-01-03 00:30:00;TR;7817.0;134.0;12387.0;63.0;0.0;3340.0;-82.0;38.0;0.0;0.0;ND;ND
2025-01-03 00:45:00;TR;7621.0;135.0;12384.0;60.0;0.0;3242.0;-732.0;38.0;0.0;0.0;ND;ND
2025-01-03 01:00:00;TR;7602.0;135.0;12382.0;57.0;0.0;3035.0;-889.0;38.0;0.0;0.0;ND;ND
2025-01-03 01:15:00;TR;7556.0;135.0;12385.0;63.0;0.0;3225.0;-967.0;38.0;0.0;0.0;ND;ND
2025-01-03 01:30:00;TR;7575.0;135.0;12388.0;74.0;0.0;3015.0;-967.0;38.0;0.0;0.0;ND;ND
2025-01-03 01:45:00;TR;7559.0;135.0;12357.0;69.0;0.0;3324.0;-1241.0;38.0;0.0;0.0;ND;ND
2025-01-03 02:00:00;TR;7582.0;135.0;12377.0;67.0;0.0;3261.0;-1292.0;38.0;0.0;0.0;ND;ND
2025-01-03 02:15:00;TR;7643.0;135.0;12385.0;64.0;0.0;3075.0;-1298.0;38.0;0.0;0.0;ND;ND
2025-01-03 02:30:00;TR;7563.0;135.0;12362.0;74.0;0.0;2905.0;-1530.0;38.0;0.0;0.0;ND;ND
2025-01-03 02:45:00;TR;7515.0;135.0;12369.0;77.0;0.0;2979.0;-1530.0;38.0;0.0;0.0;ND;ND
2025-01-03 03:00:00;TR;7479.0;135.0;12327.0;74.0;0.0;2627.0;-1530.0;38.0;0.0;0.0;ND;ND
2025-01-03 03:15:00;TR;7508.0;135.0;12227.0;76.0;0.0;2599.0;-1684.0;38.0;0.0;0.0;ND;ND
2025-01-03 03:30:00;TR;7479.0;135.0;12178.0;80.0;0.0;2449.0;-1685.0;38.0;0.0;0.0;ND;ND
2025-01-03 03:45:00;TR;7403.0;135.0;12190.0;73.0;0.0;2521.0;-1688.0;38.0;0.0;0.0;ND;ND
2025-01-03 04:00:00;TR;7368.0;135.0;12185.0;72.0;0.0;2474.0;-1687.0;39.0;0.0;0.0;ND;ND
2025-01-03 04:15:00;TR;7374.0;135.0;12196.0;75.0;0.0;2516.0;-1682.0;38.0;0.0;0.0;ND;ND
2025-01-03 04:30:00;TR;7354.0;135.0;12147.0;73.0;0.0;2513.0;-1679.0;38.0;0.0;0.0;ND;ND
2025-01-03 04:45:00;TR;7405.0;135.0;12254.0;71.0;0.0;2511.0;-1683.0;38.0;0.0;0.0;ND;ND
2025-01-03 05:00:00;TR;7438.0;135.0;12252.0;77.0;0.0;2526.0;-1684.0;38.0;0.0;0.0;ND;ND
2025-01-03 05:15:00;TR;7606.0;135.0;12257.0;87.0;0.0;2600.0;-1282.0;38.0;0.0;0.0;ND;ND
2025-01-03 05:30:00;TR;7641.0;135.0;12264.0;90.0;0.0;2666.0;-1281.0;38.0;0.0;0.0;ND;ND
2025-01-03 05:45:00;TR;7685.0;135.0;12275.0;85.0;0.0;2683.0;-1281.0;38.0;0.0;0.0;ND;ND
2025-01-03 06:00:00;TR;7700.0;135.0;12218.0;84.0;0.0;2723.0;-1285.0;38.0;0.0;0.0;ND;ND
2025-01-03 06:15:00;TR;7808.0;136.0;12263.0;86.0;0.0;3189.0;-1285.0;38.0;0.0;0.0;ND;ND
2025-01-03 06:30:00;TR;7870.0;136.0;12284.0;88.0;0.0;3192.0;-1283.0;38.0;0.0;0.0;ND;ND
2025-01-03 06:45:00;TR;7985.0;136.0;12258.0;89.0;0.0;3221.0;-1286.0;38.0;0.0;0.0;ND;ND
2025-01-03 07:00:00;TR;8036.0;136.0;12270.0;91.0;0.0;3300.0;-1288.0;38.0;0.0;0.0;ND;ND
2025-01-03 07:15:00;TR;8198.0;136.0;12244.0;100.0;0.0;3412.0;-1208.0;37.0;0.0;0.0;ND;ND
2025-01-03 07:30:00;TR;8251.0;136.0;12255.0;95.0;0.0;2891.0;-80.0;37.0;0.0;0.0;ND;ND
2025-01-03 07:45:00;TR;8404.0;136.0;12281.0;101.0;0.0;3023.0;-2.0;37.0;0.0;0.0;ND;ND
2025-01-03 08:00:00;TR;8600.0;136.0;12268.0;106.0;13.0;3276.0;0.0;37.0;0.0;0.0;ND;ND
2025-01-03 08:15:00;TR;8595.0;136.0;12170.0;109.0;24.0;3282.0;-1.0;37.0;-3.0;0.0;ND;ND
2025-01-03 08:30:00;TR;8707.0;136.0;12261.0;111.0;36.0;3701.0;-4.0;36.0;0.0;0.0;ND;ND
2025-01-03 08:45:00;TR;8803.0;136.0;12262.0;100.0;51.0;3672.0;0.0;36.0;0.0;0.0;ND;ND
2025-01-03 09:00:00;TR;8885.0;136.0;12340.0;106.0;63.0;4131.0;0.0;38.0;0.0;0.0;ND;ND
2025-01-03 09:15:00;TR;9037.0;136.0;12327.0;100.0;113.0;4357.0;0.0;37.0;0.0;4.0;ND;ND
2025-01-03 09:30:00;TR;9133.0;136.0;12320.0;92.0;169.0;4326.0;-2.0;37.0;0.0;0.0;ND;ND
2025-01-03 09:45:00;TR;8981.0;136.0;12313.0;92.0;262.0;4220.0;-1.0;38.0;0.0;0.0;ND;ND
2025-01-03 10:00:00;TR;9102.0;136.0;12300.0;90.0;330.0;4089.0;-4.0;37.0;0.0;0.0;ND;ND
2025-01-03 10:15:00;TR;9368.0;136.0;12305.0;92.0;402.0;4086.0;-1.0;37.0;0.0;0.0;ND;ND
2025-01-03 10:30:00;TR;9411.0;135.0;12301.0;95.0;449.0;3858.0;0.0;37.0;0.0;0.0;ND;ND
2025-01-03 10:45:00;TR;9498.0;136.0;12284.0;101.0;517.0;3852.0;-2.0;37.0;0.0;0.0;ND;ND
2025-01-03 11:00:00;TR;9482.0;136.0;12345.0;105.0;591.0;3371.0;0.0;37.0;0.0;0.0;ND;ND
2025-01-03 11:15:00;TR;9535.0;135.0;12354.0;99.0;585.0;3387.0;-2.0;37.0;0.0;0.0;ND;ND
2025-01-03 11:30:00;TR;9548.0;135.0;12350.0;93.0;659.0;3152.0;-1.0;37.0;0.0;0.0;ND;ND
2025-01-03 11:45:00;TR;9519.0;135.0;12367.0;96.0;651.0;3367.0;-1.0;37.0;0.0;0.0;ND;ND
2025-01-03 12:00:00;TR;9544.0;135.0;12365.0;97.0;590.0;3457.0;-3.0;37.0;0.0;0.0;ND;ND
2025-01-03 12:15:00;TR;9508.0;135.0;12377.0;103.0;603.0;3266.0;-1.0;37.0;0.0;0.0;ND;ND
2025-01-03 12:30:00;TR;9479.0;135.0;12389.0;101.0;647.0;3179.0;-1.0;37.0;0.0;0.0;ND;ND
2025-01-03 12:45:00;TR;9621.0;135.0;12345.0;98.0;660.0;3297.0;-1.0;37.0;0.0;0.0;ND;ND
2025-01-03 13:00:00;TR;9512.0;135.0;12262.0;96.0;647.0;2999.0;-1.0;37.0;0.0;0.0;ND;ND
2025-01-03 13:15:00;TR;9431.0;135.0;12259.0;105.0;639.0;2847.0;-1.0;37.0;0.0;0.0;ND;ND
2025-01-03 13:30:00;TR;9320.0;135.0;12175.0;108.0;610.0;2719.0;-3.0;37.0;-4.0;0.0;ND;ND
2025-01-03 13:45:00;TR;9305.0;134.0;12155.0;112.0;622.0;2675.0;-1.0;37.0;-4.0;0.0;ND;ND
2025-01-03 14:00:00;TR;9186.0;134.0;12132.0;118.0;579.0;2674.0;-1.0;37.0;-4.0;0.0;ND;ND
2025-01-03 14:15:00;TR;9167.0;134.0;12249.0;123.0;562.0;2601.0;-1.0;37.0;0.0;0.0;ND;ND
2025-01-03 14:30:00;TR;9069.0;134.0;12291.0;128.0;526.0;2594.0;0.0;37.0;0.0;0.0;ND;ND
2025-01-03 14:45:00;TR;8935.0;134.0;12232.0;119.0;494.0;2537.0;-1.0;37.0;0.0;0.0;ND;ND
2025-01-03 15:00:00;TR;8898.0;153.0;12232.0;116.0;435.0;2651.0;0.0;38.0;0.0;0.0;ND;ND
2025-01-03 15:15:00;TR;8850.0;231.0;12338.0;123.0;365.0;2768.0;0.0;38.0;0.0;0.0;ND;ND
2025-01-03 15:30:00;TR;8734.0;263.0;12355.0;120.0;297.0;2867.0;-1.0;38.0;0.0;0.0;ND;ND
2025-01-03 15:45:00;TR;8826.0;326.0;12325.0;134.0;214.0;3031.0;-3.0;38.0;0.0;0.0;ND;ND
2025-01-03 16:00:00;TR;8731.0;415.0;12304.0;146.0;167.0;2926.0;-4.0;38.0;0.0;0.0;ND;ND
2025-01-03 16:15:00;TR;8758.0;505.0;12374.0;158.0;118.0;4052.0;-3.0;38.0;0.0;4.0;ND;ND
2025-01-03 16:30:00;TR;8698.0;538.0;12356.0;166.0;84.0;4072.0;-1.0;39.0;0.0;4.0;ND;ND
2025-01-03 16:45:00;TR;8655.0;539.0;12372.0;167.0;47.0;4083.0;0.0;39.0;0.0;4.0;ND;ND
2025-01-03 17:00:00;TR;8736.0;541.0;12343.0;160.0;19.0;4579.0;-2.0;40.0;0.0;0.0;ND;ND
2025-01-03 17:15:00;TR;8652.0;541.0;12344.0;163.0;15.0;4819.0;-1.0;38.0;0.0;0.0;ND;ND
2025-01-03 17:30:00;TR;8879.0;543.0;12355.0;161.0;14.0;5536.0;0.0;39.0;0.0;2.0;ND;ND
2025-01-03 17:45:00;TR;8980.0;544.0;12363.0;164.0;14.0;6424.0;0.0;40.0;0.0;4.0;ND;ND
2025-01-03 18:00:00;TR;9033.0;544.0;12341.0;164.0;13.0;6644.0;-1.0;40.0;0.0;1.0;ND;ND
2025-01-03 18:15:00;TR;9176.0;545.0;12308.0;178.0;13.0;6325.0;-1.0;40.0;0.0;0.0;ND;ND
2025-01-03 18:30:00;TR;9247.0;546.0;12290.0;163.0;0.0;6337.0;-2.0;40.0;0.0;0.0;ND;ND
2025-01-03 18:45:00;TR;9274.0;545.0;12316.0;149.0;0.0;6440.0;-2.0;40.0;0.0;0.0;ND;ND
2025-01-03 19:00:00;TR;9352.0;546.0;12315.0;137.0;0.0;6425.0;0.0;39.0;0.0;0.0;ND;ND
2025-01-03 19:15:00;TR;9241.0;546.0;12328.0;124.0;0.0;5575.0;-1.0;38.0;0.0;0.0;ND;ND
2025-01-03 19:30:00;TR;9224.0;548.0;12318.0;136.0;0.0;5325.0;-3.0;38.0;0.0;0.0;ND;ND
2025-01-03 19:45:00;TR;9126.0;402.0;12314.0;139.0;0.0;5250.0;-2.0;38.0;0.0;0.0;ND;ND
2025-01-03 20:00:00;TR;9055.0;350.0;12309.0;132.0;0.0;5141.0;-1.0;38.0;0.0;0.0;ND;ND
2025-01-03 20:15:00;TR;8894.0;354.0;12385.0;127.0;0.0;4923.0;-2.0;39.0;0.0;0.0;ND;ND
2025-01-03 20:30:00;TR;8834.0;356.0;12403.0;134.0;0.0;4574.0;0.0;40.0;0.0;0.0;ND;ND
2025-01-03 20:45:00;TR;8839.0;355.0;12407.0;134.0;0.0;4441.0;-2.0;40.0;0.0;0.0;ND;ND
2025-01-03 21:00:00;TR;8955.0;353.0;12411.0;139.0;0.0;4242.0;0.0;40.0;0.0;0.0;ND;ND
2025-01-03 21:15:00;TR;8892.0;358.0;12418.0;131.0;0.0;4600.0;-2.0;40.0;0.0;0.0;ND;ND
2025-01-03 21:30:00;TR;8813.0;355.0;12421.0;129.0;0.0;4506.0;-2.0;40.0;0.0;0.0;ND;ND
2025-01-03 21:45:00;TR;8668.0;356.0;12397.0;133.0;0.0;4363.0;-3.0;40.0;0.0;0.0;ND;ND
2025-01-03 22:00:00;TR;8752.0;348.0;12395.0;130.0;0.0;4225.0;-1.0;40.0;0.0;0.0;ND;ND
2025-01-03 22:15:00;TR;8942.0;542.0;12397.0;130.0;0.0;4467.0;0.0;40.0;0.0;0.0;ND;ND
2025-01-03 22:30:00;TR;8971.0;548.0;12407.0;127.0;0.0;4873.0;-3.0;40.0;0.0;0.0;ND;ND
2025-01-03 22:45:00;TR;9107.0;547.0;12382.0;128.0;0.0;4753.0;-4.0;40.0;0.0;0.0;ND;ND
2025-01-03 23:00:00;TR;9108.0;547.0;12305.0;127.0;0.0;4670.0;-1.0;40.0;0.0;0.0;ND;ND
2025-01-03 23:15:00;TR;9305.0;547.0;12196.0;125.0;0.0;4038.0;0.0;40.0;0.0;0.0;ND;ND
2025-01-03 23:30:00;TR;9169.0;549.0;12064.0;126.0;0.0;4036.0;-2.0;40.0;0.0;0.0;ND;ND
2025-01-03 23:45:00;TR;8969.0;545.0;11886.0;114.0;0.0;4334.0;0.0;40.0;0.0;5.0;ND;ND
2025-01-04 00:00:00;TR;8878.0;546.0;11793.0;114.0;0.0;4238.0;0.0;40.0;0.0;0.0;ND;ND
2025-01-04 00:15:00;TR;8925.0;307.0;11719.0;110.0;0.0;5009.0;0.0;40.0;0.0;4.0;ND;ND
2025-01-04 00:30:00;TR;8741.0;141.0;11696.0;113.0;0.0;4697.0;-2.0;39.0;0.0;0.0;ND;ND
2025-01-04 00:45:00;TR;8638.0;134.0;11652.0;109.0;0.0;4497.0;-1.0;39.0;0.0;0.0;ND;ND
2025-01-04 01:00:00;TR;8575.0;134.0;11640.0;106.0;0.0;3897.0;-1.0;39.0;0.0;0.0;ND;ND
2025-01-04 01:15:00;TR;8616.0;134.0;11658.0;103.0;0.0;3944.0;-1.0;39.0;0.0;0.0;ND;ND
2025-01-04 01:30:00;TR;8522.0;134.0;11650.0;101.0;0.0;3907.0;-1.0;39.0;0.0;0.0;ND;ND
2025-01-04 01:45:00;TR;8574.0;134.0;11633.0;93.0;0.0;3924.0;0.0;39.0;0.0;0.0;ND;ND
2025-01-04 02:00:00;TR;8465.0;134.0;11733.0;93.0;0.0;4137.0;0.0;39.0;0.0;5.0;ND;ND
2025-01-04 02:15:00;TR;8646.0;134.0;11728.0;95.0;0.0;4875.0;0.0;39.0;0.0;5.0;ND;ND
2025-01-04 02:30:00;TR;8439.0;134.0;11655.0;90.0;0.0;4416.0;0.0;39.0;0.0;0.0;ND;ND
2025-01-04 02:45:00;TR;8445.0;135.0;11681.0;96.0;0.0;4507.0;-1.0;39.0;0.0;0.0;ND;ND
2025-01-04 03:00:00;TR;8369.0;134.0;11717.0;91.0;0.0;4069.0;0.0;39.0;0.0;0.0;ND;ND
2025-01-04 03:15:00;TR;8406.0;135.0;11857.0;91.0;0.0;4762.0;0.0;39.0;0.0;0.0;ND;ND
2025-01-04 03:30:00;TR;8324.0;135.0;12007.0;95.0;0.0;4649.0;0.0;39.0;0.0;0.0;ND;ND
2025-01-04 03:45:00;TR;8372.0;135.0;12108.0;90.0;0.0;4844.0;-1.0;39.0;0.0;0.0;ND;ND
2025-01-04 04:00:00;TR;8370.0;135.0;12189.0;87.0;0.0;4701.0;0.0;39.0;0.0;0.0;ND;ND
2025-01-04 04:15:00;TR;8397.0;135.0;12166.0;86.0;0.0;4249.0;0.0;39.0;0.0;0.0;ND;ND
2025-01-04 04:30:00;TR;8383.0;135.0;12195.0;81.0;0.0;4265.0;-1.0;38.0;0.0;0.0;ND;ND
2025-01-04 04:45:00;TR;8378.0;135.0;12218.0;78.0;0.0;4480.0;-1.0;37.0;0.0;0.0;ND;ND
2025-01-04 05:00:00;TR;8379.0;135.0;12247.0;81.0;0.0;4671.0;0.0;38.0;0.0;0.0;ND;ND
2025-01-04 05:15:00;TR;8463.0;135.0;12248.0;79.0;0.0;4658.0;-1.0;39.0;0.0;0.0;ND;ND
2025-01-04 05:30:00;TR;8431.0;135.0;12281.0;85.0;0.0;4726.0;-1.0;39.0;0.0;0.0;ND;ND
2025-01-04 05:45:00;TR;8491.0;135.0;12269.0;83.0;0.0;4698.0;0.0;39.0;0.0;0.0;ND;ND
2025-01-04 06:00:00;TR;8365.0;135.0;12259.0;83.0;0.0;4423.0;-1.0;39.0;0.0;0.0;ND;ND
2025-01-04 06:15:00;TR;8359.0;135.0;12176.0;84.0;0.0;4849.0;-1.0;39.0;0.0;0.0;ND;ND
2025-01-04 06:30:00;TR;8393.0;135.0;12100.0;89.0;0.0;4883.0;-1.0;39.0;0.0;0.0;ND;ND
2025-01-04 06:45:00;TR;8448.0;135.0;12063.0;88.0;0.0;4895.0;0.0;40.0;0.0;0.0;ND;ND
2025-01-04 07:00:00;TR;8438.0;135.0;12023.0;91.0;0.0;4969.0;0.0;40.0;0.0;0.0;ND;ND
2025-01-04 07:15:00;TR;8468.0;135.0;12030.0;92.0;0.0;4797.0;-2.0;40.0;0.0;0.0;ND;ND
2025-01-04 07:30:00;TR;8563.0;135.0;11974.0;89.0;0.0;4801.0;0.0;40.0;0.0;0.0;ND;ND
2025-01-04 07:45:00;TR;8602.0;133.0;12089.0;97.0;0.0;4966.0;-2.0;40.0;0.0;0.0;ND;ND
2025-01-04 08:00:00;TR;8689.0;134.0;12029.0;102.0;12.0;5262.0;-2.0;40.0;0.0;0.0;ND;ND
2025-01-04 08:15:00;TR;8633.0;264.0;12133.0;115.0;26.0;5278.0;0.0;40.0;0.0;0.0;ND;ND
2025-01-04 08:30:00;TR;8749.0;313.0;12073.0;129.0;35.0;5514.0;0.0;39.0;0.0;0.0;ND;ND
2025-01-04 08:45:00;TR;8837.0;409.0;12099.0;126.0;51.0;5506.0;-1.0;39.0;0.0;0.0;ND;ND
2025-01-04 09:00:00;TR;8936.0;508.0;12137.0;141.0;68.0;5479.0;0.0;39.0;0.0;0.0;ND;ND
2025-01-04 09:15:00;TR;9025.0;544.0;12229.0;151.0;114.0;5440.0;-2.0;39.0;0.0;0.0;ND;ND
2025-01-04 09:30:00;TR;9062.0;544.0;12263.0;152.0;162.0;5507.0;-2.0;39.0;0.0;0.0;ND;ND
2025-01-04 09:45:00;TR;9089.0;544.0;12280.0;149.0;219.0;5487.0;-1.0;39.0;0.0;0.0;ND;ND
2025-01-04 10:00:00;TR;9135.0;545.0;12283.0;159.0;268.0;4936.0;-1.0;39.0;0.0;0.0;ND;ND
2025-01-04 10:15:00;TR;9422.0;544.0;12305.0;165.0;313.0;5024.0;-3.0;39.0;0.0;0.0;ND;ND
2025-01-04 10:30:00;TR;9470.0;544.0;12281.0;171.0;383.0;4823.0;-3.0;39.0;0.0;0.0;ND;ND
2025-01-04 10:45:00;TR;9520.0;544.0;12278.0;181.0;432.0;4782.0;-4.0;39.0;0.0;0.0;ND;ND
2025-01-04 11:00:00;TR;9575.0;545.0;12319.0;193.0;470.0;4495.0;-1.0;39.0;0.0;0.0;ND;ND
2025-01-04 11:15:00;TR;9409.0;545.0;12361.0;197.0;370.0;4553.0;-2.0;39.0;0.0;0.0;ND;ND
2025-01-04 11:30:00;TR;9499.0;544.0;12361.0;199.0;401.0;4345.0;0.0;39.0;0.0;0.0;ND;ND
2025-01-04 11:45:00;TR;9460.0;544.0;12359.0;203.0;389.0;4527.0;0.0;39.0;0.0;0.0;ND;ND
2025-01-04 12:00:00;TR;9474.0;544.0;12360.0;197.0;381.0;4536.0;0.0;39.0;0.0;0.0;ND;ND
2025-01-04 12:15:00;TR;9472.0;543.0;12358.0;203.0;364.0;4564.0;0.0;39.0;0.0;0.0;ND;ND
2025-01-04 12:30:00;TR;9436.0;543.0;12388.0;212.0;348.0;4527.0;-2.0;39.0;0.0;0.0;ND;ND
2025-01-04 12:45:00;TR;9582.0;543.0;12415.0;218.0;344.0;4528.0;-1.0;39.0;0.0;0.0;ND;ND
2025-01-04 13:00:00;TR;9425.0;542.0;12404.0;217.0;336.0;4222.0;0.0;39.0;0.0;0.0;ND;ND
2025-01-04 13:15:00;TR;9342.0;543.0;12405.0;214.0;331.0;4365.0;-2.0;39.0;0.0;0.0;ND;ND
2025-01-04 13:30:00;TR;9214.0;543.0;12400.0;218.0;335.0;4131.0;-1.0;37.0;0.0;0.0;ND;ND
2025-01-04 13:45:00;TR;9164.0;542.0;12386.0;221.0;340.0;4325.0;-2.0;37.0;0.0;0.0;ND;ND
2025-01-04 14:00:00;TR;9115.0;542.0;12393.0;233.0;293.0;4063.0;0.0;39.0;0.0;0.0;ND;ND
2025-01-04 14:15:00;TR;8997.0;542.0;12341.0;223.0;311.0;4580.0;0.0;39.0;0.0;0.0;ND;ND
2025-01-04 14:30:00;TR;8914.0;543.0;12327.0;228.0;291.0;4574.0;-1.0;40.0;0.0;0.0;ND;ND
2025-01-04 14:45:00;TR;8957.0;542.0;12345.0;237.0;254.0;4558.0;-1.0;40.0;0.0;0.0;ND;ND
2025-01-04 15:00:00;TR;8837.0;540.0;12172.0;237.0;227.0;4566.0;0.0;39.0;0.0;0.0;ND;ND
2025-01-04 15:15:00;TR;8772.0;540.0;12022.0;246.0;182.0;5135.0;0.0;39.0;0.0;0.0;ND;ND
2025-01-04 15:30:00;TR;8695.0;542.0;11899.0;249.0;148.0;4865.0;0.0;39.0;0.0;0.0;ND;ND
2025-01-04 15:45:00;TR;8772.0;541.0;11770.0;246.0;110.0;5036.0;-2.0;39.0;0.0;0.0;ND;ND
2025-01-04 16:00:00;TR;8756.0;541.0;11747.0;253.0;77.0;4758.0;0.0;39.0;0.0;0.0;ND;ND
2025-01-04 16:15:00;TR;8736.0;541.0;11757.0;253.0;61.0;4755.0;0.0;39.0;0.0;0.0;ND;ND
2025-01-04 16:30:00;TR;8542.0;542.0;11758.0;255.0;46.0;4796.0;-3.0;39.0;0.0;0.0;ND;ND
2025-01-04 16:45:00;TR;8704.0;541.0;11749.0;268.0;38.0;4964.0;-1.0;39.0;0.0;0.0;ND;ND
2025-01-04 17:00:00;TR;8667.0;540.0;11758.0;278.0;18.0;4883.0;-2.0;39.0;0.0;0.0;ND;ND
2025-01-04 17:15:00;TR;8700.0;540.0;11762.0;283.0;16.0;4746.0;0.0;39.0;0.0;0.0;ND;ND
2025-01-04 17:30:00;TR;8794.0;540.0;11802.0;289.0;16.0;4975.0;0.0;39.0;0.0;0.0;ND;ND
2025-01-04 17:45:00;TR;8953.0;541.0;11990.0;304.0;14.0;4901.0;-2.0;39.0;0.0;0.0;ND;ND
2025-01-04 18:00:00;TR;9005.0;541.0;12309.0;311.0;13.0;4835.0;-1.0;39.0;0.0;0.0;ND;ND
2025-01-04 18:15:00;TR;9094.0;541.0;12351.0;325.0;13.0;5163.0;-1.0;39.0;0.0;0.0;ND;ND
2025-01-04 18:30:00;TR;9129.0;539.0;12365.0;320.0;0.0;4930.0;-3.0;39.0;0.0;0.0;ND;ND
2025-01-04 18:45:00;TR;9163.0;540.0;12377.0;303.0;0.0;4606.0;0.0;39.0;0.0;0.0;ND;ND
2025-01-04 19:00:00;TR;9063.0;539.0;12371.0;305.0;0.0;5088.0;0.0;39.0;0.0;0.0;ND;ND
2025-01-04 19:15:00;TR;8985.0;539.0;12386.0;320.0;0.0;5131.0;-2.0;39.0;0.0;0.0;ND;ND
2025-01-04 19:30:00;TR;8919.0;537.0;12371.0;314.0;0.0;5012.0;0.0;39.0;0.0;0.0;ND;ND
2025-01-04 19:45:00;TR;8859.0;537.0;12370.0;305.0;0.0;4857.0;-1.0;39.0;0.0;0.0;ND;ND
2025-01-04 20:00:00;TR;8620.0;537.0;12372.0;311.0;0.0;4951.0;-1.0;39.0;0.0;0.0;ND;ND
2025-01-04 20:15:00;TR;8533.0;537.0;12385.0;313.0;0.0;5063.0;-2.0;39.0;0.0;0.0;ND;ND
2025-01-04 20:30:00;TR;8467.0;536.0;12378.0;305.0;0.0;4633.0;0.0;39.0;0.0;0.0;ND;ND
2025-01-04 20:45:00;TR;8487.0;536.0;12369.0;322.0;0.0;4298.0;0.0;39.0;0.0;0.0;ND;ND
2025-01-04 21:00:00;TR;8360.0;474.0;12378.0;327.0;0.0;4215.0;0.0;39.0;0.0;0.0;ND;ND
2025-01-04 21:15:00;TR;8272.0;213.0;12378.0;329.0;0.0;4218.0;-3.0;39.0;0.0;0.0;ND;ND
2025-01-04 21:30:00;TR;8149.0;131.0;12372.0;318.0;0.0;3908.0;-1.0;39.0;0.0;0.0;ND;ND
2025-01-04 21:45:00;TR;8149.0;132.0;12379.0;317.0;0.0;3897.0;-1.0;39.0;0.0;0.0;ND;ND
2025-01-04 22:00:00;TR;8198.0;132.0;12386.0;318.0;0.0;3739.0;-3.0;39.0;0.0;0.0;ND;ND
2025-01-04 22:15:00;TR;8468.0;132.0;12381.0;297.0;0.0;3733.0;-2.0;37.0;0.0;0.0;ND;ND
2025-01-04 22:30:00;TR;8384.0;132.0;12371.0;294.0;0.0;3637.0;-3.0;37.0;0.0;0.0;ND;ND
2025-01-04 22:45:00;TR;8464.0;132.0;12369.0;284.0;0.0;3929.0;-2.0;37.0;0.0;0.0;ND;ND
2025-01-04 23:00:00;TR;8538.0;132.0;12374.0;279.0;0.0;3383.0;-1.0;38.0;0.0;0.0;ND;ND
2025-01-04 23:15:00;TR;8564.0;132.0;12321.0;277.0;0.0;3444.0;0.0;38.0;0.0;4.0;ND;ND
2025-01-04 23:30:00;TR;8395.0;132.0;12313.0;280.0;0.0;3296.0;0.0;39.0;0.0;0.0;ND;ND
2025-01-04 23:45:00;TR;8257.0;129.0;12265.0;278.0;0.0;3274.0;0.0;39.0;0.0;0.0;ND;ND
2025-01-05 00:00:00;TR;8154.0;129.0;12227.0;283.0;0.0;3916.0;-2.0;39.0;0.0;0.0;ND;ND
2025-01-05 00:15:00;TR;8157.0;129.0;12324.0;298.0;0.0;4436.0;-165.0;39.0;0.0;0.0;ND;ND
2025-01-05 00:30:00;TR;7978.0;129.0;12231.0;297.0;0.0;4138.0;-166.0;39.0;0.0;0.0;ND;ND
2025-01-05 00:45:00;TR;7826.0;131.0;12150.0;308.0;0.0;3624.0;-327.0;39.0;0.0;0.0;ND;ND
2025-01-05 01:00:00;TR;7740.0;131.0;12189.0;298.0;0.0;3866.0;-324.0;39.0;0.0;0.0;ND;ND
2025-01-05 01:15:00;TR;7729.0;130.0;12198.0;304.0;0.0;3890.0;-325.0;39.0;0.0;0.0;ND;ND
2025-01-05 01:30:00;TR;7667.0;131.0;12148.0;302.0;0.0;3347.0;-324.0;39.0;0.0;0.0;ND;ND
2025-01-05 01:45:00;TR;7613.0;130.0;11978.0;299.0;0.0;3337.0;-329.0;39.0;0.0;0.0;ND;ND
2025-01-05 02:00:00;TR;7649.0;131.0;12033.0;304.0;0.0;3057.0;-327.0;39.0;0.0;0.0;ND;ND
2025-01-05 02:15:00;TR;7725.0;130.0;12078.0;307.0;0.0;3275.0;-979.0;39.0;0.0;0.0;ND;ND
2025-01-05 02:30:00;TR;7595.0;130.0;11805.0;319.0;0.0;3002.0;-975.0;39.0;-5.0;0.0;ND;ND
2025-01-05 02:45:00;TR;7507.0;130.0;11853.0;328.0;0.0;2724.0;-1143.0;39.0;0.0;0.0;ND;ND
2025-01-05 03:00:00;TR;7473.0;130.0;11799.0;332.0;0.0;2751.0;-1141.0;39.0;0.0;0.0;ND;ND
2025-01-05 03:15:00;TR;7447.0;130.0;11855.0;330.0;0.0;2954.0;-1463.0;39.0;0.0;3.0;ND;ND
2025-01-05 03:30:00;TR;7341.0;130.0;11658.0;340.0;0.0;2704.0;-1464.0;39.0;0.0;0.0;ND;ND
2025-01-05 03:45:00;TR;7219.0;130.0;11307.0;358.0;0.0;2741.0;-1540.0;39.0;0.0;0.0;ND;ND
2025-01-05 04:00:00;TR;7252.0;130.0;10923.0;374.0;0.0;2776.0;-1557.0;39.0;0.0;0.0;ND;ND
2025-01-05 04:15:00;TR;7118.0;130.0;10937.0;380.0;0.0;2391.0;-1849.0;39.0;0.0;4.0;ND;ND
2025-01-05 04:30:00;TR;7101.0;130.0;10994.0;389.0;0.0;2396.0;-1849.0;39.0;0.0;0.0;ND;ND
2025-01-05 04:45:00;TR;7015.0;130.0;10862.0;382.0;0.0;2387.0;-2084.0;39.0;0.0;4.0;ND;ND
2025-01-05 05:00:00;TR;7063.0;130.0;10689.0;377.0;0.0;2401.0;-2079.0;39.0;0.0;0.0;ND;ND
2025-01-05 05:15:00;TR;7106.0;130.0;10688.0;369.0;0.0;2410.0;-2076.0;40.0;0.0;0.0;ND;ND
2025-01-05 05:30:00;TR;7099.0;130.0;10456.0;365.0;0.0;2386.0;-2082.0;39.0;0.0;0.0;ND;ND
2025-01-05 05:45:00;TR;7065.0;130.0;10326.0;358.0;0.0;2387.0;-2082.0;39.0;0.0;0.0;ND;ND
2025-01-05 06:00:00;TR;7009.0;130.0;10284.0;361.0;0.0;2443.0;-2076.0;39.0;0.0;0.0;ND;ND
2025-01-05 06:15:00;TR;7004.0;130.0;10435.0;346.0;0.0;2477.0;-2074.0;39.0;0.0;0.0;ND;ND
2025-01-05 06:30:00;TR;7028.0;130.0;10293.0;354.0;0.0;2475.0;-2077.0;39.0;0.0;0.0;ND;ND
2025-01-05 06:45:00;TR;7014.0;130.0;10319.0;343.0;0.0;2471.0;-1853.0;39.0;0.0;0.0;ND;ND
2025-01-05 07:00:00;TR;7023.0;130.0;10361.0;342.0;0.0;2537.0;-1848.0;39.0;0.0;0.0;ND;ND
2025-01-05 07:15:00;TR;6954.0;130.0;10449.0;367.0;0.0;2597.0;-1454.0;39.0;0.0;0.0;ND;ND
2025-01-05 07:30:00;TR;7045.0;130.0;10426.0;370.0;0.0;2604.0;-1456.0;38.0;-4.0;0.0;ND;ND
2025-01-05 07:45:00;TR;7051.0;130.0;10433.0;373.0;0.0;2606.0;-1454.0;38.0;0.0;0.0;ND;ND
2025-01-05 08:00:00;TR;7151.0;130.0;10454.0;373.0;13.0;2629.0;-1456.0;38.0;0.0;0.0;ND;ND
2025-01-05 08:15:00;TR;7176.0;130.0;10592.0;377.0;24.0;2698.0;-1453.0;39.0;0.0;0.0;ND;ND
2025-01-05 08:30:00;TR;7186.0;130.0;10444.0;394.0;34.0;2724.0;-1454.0;39.0;0.0;0.0;ND;ND
2025-01-05 08:45:00;TR;7313.0;130.0;10272.0;400.0;45.0;2780.0;-1454.0;39.0;0.0;0.0;ND;ND
2025-01-05 09:00:00;TR;7509.0;130.0;10087.0;403.0;59.0;2795.0;-1457.0;39.0;0.0;0.0;ND;ND
2025-01-05 09:15:00;TR;7573.0;129.0;10156.0;398.0;91.0;3149.0;-1456.0;39.0;0.0;0.0;ND;ND
2025-01-05 09:30:00;TR;7755.0;129.0;10145.0;424.0;129.0;3142.0;-1460.0;39.0;0.0;0.0;ND;ND
2025-01-05 09:45:00;TR;7806.0;129.0;10223.0;438.0;176.0;3331.0;-1455.0;39.0;0.0;0.0;ND;ND
2025-01-05 10:00:00;TR;7853.0;129.0;10191.0;419.0;213.0;3441.0;-1463.0;39.0;0.0;4.0;ND;ND
2025-01-05 10:15:00;TR;7903.0;129.0;10134.0;432.0;261.0;3519.0;-1458.0;39.0;0.0;0.0;ND;ND
2025-01-05 10:30:00;TR;7958.0;129.0;10321.0;429.0;294.0;3261.0;-1460.0;39.0;0.0;0.0;ND;ND
2025-01-05 10:45:00;TR;8061.0;129.0;10465.0;428.0;345.0;3261.0;-1459.0;39.0;0.0;0.0;ND;ND
2025-01-05 11:00:00;TR;8046.0;129.0;10490.0;441.0;373.0;3187.0;-1459.0;39.0;0.0;0.0;ND;ND
2025-01-05 11:15:00;TR;7994.0;129.0;10654.0;431.0;343.0;3121.0;-1457.0;39.0;0.0;0.0;ND;ND
2025-01-05 11:30:00;TR;7977.0;129.0;10572.0;440.0;367.0;3106.0;-1457.0;39.0;0.0;0.0;ND;ND
2025-01-05 11:45:00;TR;8030.0;129.0;10544.0;442.0;405.0;3108.0;-1457.0;39.0;0.0;0.0;ND;ND
2025-01-05 12:00:00;TR;8130.0;129.0;10595.0;461.0;454.0;3106.0;-1461.0;39.0;0.0;0.0;ND;ND
2025-01-05 12:15:00;TR;8170.0;128.0;10643.0;465.0;456.0;3029.0;-1456.0;39.0;0.0;0.0;ND;ND
2025-01-05 12:30:00;TR;8082.0;128.0;10543.0;460.0;438.0;2913.0;-1456.0;39.0;0.0;0.0;ND;ND
2025-01-05 12:45:00;TR;8200.0;128.0;10705.0;459.0;454.0;3205.0;-1460.0;39.0;0.0;0.0;ND;ND
2025-01-05 13:00:00;TR;8106.0;128.0;10610.0;468.0;453.0;2886.0;-1455.0;39.0;0.0;0.0;ND;ND
2025-01-05 13:15:00;TR;7943.0;128.0;10633.0;467.0;426.0;2985.0;-1538.0;39.0;0.0;0.0;ND;ND
2025-01-05 13:30:00;TR;7863.0;128.0;10473.0;483.0;413.0;2715.0;-1538.0;39.0;0.0;0.0;ND;ND
2025-01-05 13:45:00;TR;7760.0;128.0;10564.0;484.0;401.0;2689.0;-1770.0;39.0;0.0;0.0;ND;ND
2025-01-05 14:00:00;TR;7612.0;128.0;10527.0;483.0;389.0;2671.0;-1773.0;39.0;0.0;0.0;ND;ND
2025-01-05 14:15:00;TR;7519.0;128.0;10587.0;490.0;370.0;2465.0;-1772.0;39.0;0.0;0.0;ND;ND
2025-01-05 14:30:00;TR;7456.0;128.0;10523.0;471.0;353.0;2457.0;-1768.0;39.0;0.0;0.0;ND;ND
2025-01-05 14:45:00;TR;7361.0;128.0;10360.0;462.0;332.0;2459.0;-1767.0;39.0;0.0;0.0;ND;ND
2025-01-05 15:00:00;TR;7401.0;128.0;10396.0;481.0;290.0;2465.0;-1765.0;39.0;0.0;0.0;ND;ND
2025-01-05 15:15:00;TR;7390.0;128.0;10574.0;481.0;259.0;2469.0;-1768.0;39.0;0.0;0.0;ND;ND
2025-01-05 15:30:00;TR;7319.0;128.0;10553.0;478.0;223.0;2445.0;-1768.0;39.0;0.0;0.0;ND;ND
2025-01-05 15:45:00;TR;7390.0;128.0;10509.0;501.0;153.0;2457.0;-1534.0;39.0;0.0;0.0;ND;ND
2025-01-05 16:00:00;TR;7333.0;128.0;10558.0;503.0;125.0;2691.0;-1529.0;39.0;0.0;0.0;ND;ND
2025-01-05 16:15:00;TR;7374.0;128.0;10297.0;475.0;92.0;2695.0;-1534.0;39.0;0.0;0.0;ND;ND
2025-01-05 16:30:00;TR;7411.0;128.0;10466.0;470.0;66.0;2699.0;-1534.0;38.0;0.0;0.0;ND;ND
2025-01-05 16:45:00;TR;7350.0;128.0;10355.0;479.0;36.0;2753.0;-1448.0;38.0;0.0;0.0;ND;ND
2025-01-05 17:00:00;TR;7398.0;128.0;10474.0;501.0;18.0;2865.0;-1452.0;38.0;0.0;0.0;ND;ND
2025-01-05 17:15:00;TR;7542.0;128.0;10553.0;511.0;17.0;3369.0;-1453.0;38.0;0.0;0.0;ND;ND
2025-01-05 17:30:00;TR;7685.0;128.0;10694.0;505.0;14.0;3544.0;-1457.0;38.0;0.0;0.0;ND;ND
2025-01-05 17:45:00;TR;7898.0;128.0;10636.0;518.0;15.0;3826.0;-1462.0;38.0;0.0;0.0;ND;ND
2025-01-05 18:00:00;TR;7982.0;128.0;10625.0;506.0;15.0;3835.0;-1454.0;38.0;0.0;0.0;ND;ND
2025-01-05 18:15:00;TR;8040.0;128.0;10569.0;521.0;13.0;3819.0;-648.0;38.0;0.0;0.0;ND;ND
2025-01-05 18:30:00;TR;8136.0;128.0;10624.0;502.0;0.0;4029.0;-654.0;38.0;0.0;0.0;ND;ND
2025-01-05 18:45:00;TR;8203.0;128.0;10572.0;515.0;0.0;4004.0;-487.0;38.0;0.0;0.0;ND;ND
2025-01-05 19:00:00;TR;8301.0;128.0;10687.0;519.0;0.0;4097.0;-486.0;38.0;0.0;0.0;ND;ND
2025-01-05 19:15:00;TR;8304.0;128.0;10869.0;539.0;0.0;4043.0;-490.0;38.0;0.0;0.0;ND;ND
2025-01-05 19:30:00;TR;8334.0;128.0;11038.0;536.0;0.0;4005.0;-489.0;38.0;0.0;0.0;ND;ND
2025-01-05 19:45:00;TR;8166.0;128.0;11085.0;523.0;0.0;3658.0;-488.0;38.0;0.0;0.0;ND;ND
2025-01-05 20:00:00;TR;8009.0;128.0;11200.0;513.0;0.0;3521.0;-811.0;38.0;0.0;0.0;ND;ND
2025-01-05 20:15:00;TR;8045.0;128.0;11243.0;510.0;0.0;3328.0;-815.0;38.0;0.0;0.0;ND;ND
2025-01-05 20:30:00;TR;7879.0;128.0;11122.0;516.0;0.0;3302.0;-811.0;38.0;0.0;0.0;ND;ND
2025-01-05 20:45:00;TR;7893.0;128.0;11118.0;529.0;0.0;3095.0;-976.0;38.0;0.0;0.0;ND;ND
2025-01-05 21:00:00;TR;7790.0;128.0;11046.0;541.0;0.0;2966.0;-975.0;38.0;0.0;0.0;ND;ND
2025-01-05 21:15:00;TR;7703.0;128.0;10846.0;547.0;0.0;3020.0;-1298.0;38.0;0.0;0.0;ND;ND
2025-01-05 21:30:00;TR;7631.0;128.0;10561.0;557.0;0.0;3022.0;-1298.0;38.0;0.0;0.0;ND;ND
2025-01-05 21:45:00;TR;7546.0;128.0;10536.0;561.0;0.0;3016.0;-1453.0;38.0;0.0;0.0;ND;ND
2025-01-05 22:00:00;TR;7494.0;128.0;10543.0;552.0;0.0;2857.0;-1457.0;38.0;0.0;0.0;ND;ND
2025-01-05 22:15:00;TR;7633.0;128.0;10496.0;560.0;0.0;2713.0;-1452.0;38.0;0.0;0.0;ND;ND
2025-01-05 22:30:00;TR;7707.0;128.0;10515.0;561.0;0.0;2930.0;-1456.0;38.0;0.0;0.0;ND;ND
2025-01-05 22:45:00;TR;7722.0;128.0;10158.0;554.0;0.0;3176.0;-1457.0;38.0;0.0;0.0;ND;ND
2025-01-05 23:00:00;TR;7748.0;128.0;9681.0;548.0;0.0;3134.0;-1456.0;38.0;0.0;0.0;ND;ND
2025-01-05 23:15:00;TR;7821.0;128.0;9682.0;553.0;0.0;2838.0;-1451.0;38.0;0.0;0.0;ND;ND
2025-01-05 23:30:00;TR;7676.0;128.0;9695.0;551.0;0.0;2753.0;-1451.0;38.0;0.0;0.0;ND;ND
2025-01-05 23:45:00;TR;7482.0;132.0;9407.0;552.0;0.0;2741.0;-1451.0;38.0;0.0;0.0;ND;ND
